fault_id,fault_type,fault_1,fault_2,province,city,county,town,detail,fault_time
0,普通故障,其他错误提示,FTTH光纤接入方式,四川省,广元市,利州区,赤化镇,009号641室,2021-06-25 16:34:17
1,普通故障,业务使用部分功能出现异常,铜缆接入方式,四川省,资阳市,安岳县,姚市镇,067号078室,2021-09-19 22:41:07
2,普通故障,业务不能使用,铜缆接入方式,四川省,攀枝花市,米易县,城西乡,085号279室,2021-11-04 07:21:34
3,普通故障,业务不能使用,FTTB+LAN,四川省,巴中市,通江县,下西街道,056号627室,2021-08-07 22:26:31
4,普通故障,业务使用部分功能出现异常,FTTO,四川省,成都市,青羊区,麻石镇,082号222室,2021-09-17 14:24:36
5,普通故障,业务使用部分功能出现异常,铜缆接入方式,四川省,阿坝藏族羌族自治州,茂县,三龙乡,073号101室,2021-05-10 02:16:46
6,普通故障,业务使用部分功能出现异常,FTTH光纤接入方式,四川省,内江市,东兴区,瓦室镇,063号036室,2021-07-19 16:03:21
7,普通故障,其他错误提示,FTTH光纤接入方式,四川省,甘孜藏族自治州,石渠县,春在乡,063号951室,2021-09-12 08:37:21
8,普通故障,其他错误提示,FTTO,四川省,宜宾市,兴文县,忠义乡,060号732室,2021-08-29 04:53:57
9,普通故障,其他错误提示,铜缆接入方式,四川省,成都市,简阳市,太平镇,034号079室,2021-08-07 20:53:24
10,普通故障,其他错误提示,FTTO,四川省,宜宾市,筠连县,沙坪乡,043号529室,2021-06-10 20:36:14
11,普通故障,其他错误提示,FTTH光纤接入方式,四川省,遂宁市,安居区,田家镇,001号640室,2021-04-30 18:35:42
12,普通故障,业务不能使用,FTTO,四川省,宜宾市,筠连县,横山镇,074号088室,2021-01-23 23:16:03
13,普通故障,其他问题,FTTH光纤接入方式,四川省,广元市,青川县,武德乡,025号709室,2021-08-25 17:21:28
14,普通故障,其他错误提示,铜缆接入方式,四川省,凉山彝族自治州,喜德县,新荣乡,099号714室,2021-02-19 00:15:54
15,普通故障,业务不能使用,FTTO,四川省,自贡市,大安区,色须镇,037号554室,2021-03-30 06:05:07
16,普通故障,其他错误提示,铜缆接入方式,四川省,乐山市,沐川县,铁厂乡,004号415室,2021-12-20 12:27:49
17,普通故障,其他错误提示,FTTB+LAN,四川省,阿坝藏族羌族自治州,茂县,五星乡,085号573室,2021-01-06 04:31:06
18,普通故障,其他错误提示,铜缆接入方式,四川省,达州市,通川区,莲花镇,072号334室,2021-04-04 17:26:59
19,普通故障,业务使用部分功能出现异常,FTTB+LAN,四川省,宜宾市,长宁县,塘坝乡,032号885室,2021-02-16 14:51:05
20,普通故障,其他问题,FTTO,四川省,甘孜藏族自治州,得荣县,武德乡,070号899室,2021-09-23 10:00:06
21,普通故障,其他错误提示,FTTO,四川省,资阳市,安岳县,悦来乡,095号318室,2021-02-17 06:01:43
22,普通故障,其他问题,FTTO,四川省,凉山彝族自治州,冕宁县,古学乡,023号099室,2021-04-26 01:49:40
23,普通故障,其他问题,FTTH光纤接入方式,四川省,宜宾市,兴文县,城厢镇,078号984室,2021-03-18 20:48:29
24,普通故障,其他问题,FTTH光纤接入方式,四川省,攀枝花市,盐边县,大山铺镇,058号767室,2021-03-09 03:48:32
25,普通故障,业务不能使用,FTTH光纤接入方式,四川省,宜宾市,南溪区,大雪山镇,007号038室,2021-07-15 21:52:53
26,普通故障,其他问题,铜缆接入方式,四川省,宜宾市,长宁县,努力乡,061号747室,2021-09-22 10:06:05
27,普通故障,业务不能使用,FTTO,四川省,南充市,南部县,沐溪镇,048号065室,2021-09-08 23:17:35
28,普通故障,业务不能使用,FTTB+LAN,四川省,德阳市,罗江县,洛莫乡,030号782室,2021-02-07 20:25:07
29,普通故障,业务使用部分功能出现异常,铜缆接入方式,四川省,雅安市,雨城区,博洛拉达乡,099号769室,2021-01-22 14:18:05
30,普通故障,业务不能使用,FTTO,四川省,德阳市,旌阳区,保城乡,047号977室,2021-12-30 13:53:30
31,普通故障,业务使用部分功能出现异常,铜缆接入方式,四川省,攀枝花市,盐边县,九龙乡,077号307室,2021-10-08 07:11:06
32,普通故障,其他错误提示,FTTO,四川省,泸州市,纳溪区,大河苗族乡,007号827室,2021-04-28 17:02:23
33,普通故障,业务不能使用,铜缆接入方式,四川省,自贡市,大安区,保城乡,064号491室,2021-12-23 13:00:18
34,普通故障,业务不能使用,FTTO,四川省,自贡市,富顺县,诺水河镇,043号657室,2021-01-25 09:55:31
35,普通故障,业务不能使用,FTTO,四川省,广安市,前锋区,鸳大镇,004号537室,2021-06-24 22:25:03
36,普通故障,业务不能使用,铜缆接入方式,四川省,甘孜藏族自治州,新龙县,杨家镇,069号049室,2021-10-10 11:04:47
37,普通故障,其他问题,铜缆接入方式,四川省,宜宾市,筠连县,骑马乡,083号911室,2021-06-06 07:23:29
38,普通故障,业务不能使用,FTTO,四川省,广元市,青川县,光明乡,035号043室,2021-03-24 05:34:21
39,普通故障,业务不能使用,FTTO,四川省,绵阳市,游仙区,棉花坡镇,029号921室,2021-02-20 12:07:25
40,普通故障,业务使用部分功能出现异常,FTTO,四川省,雅安市,名山区,和爱藏族乡,071号787室,2021-03-19 11:58:26
41,普通故障,业务使用部分功能出现异常,FTTB+LAN,四川省,资阳市,安岳县,板桥乡,059号368室,2021-07-31 10:52:40
42,普通故障,业务使用部分功能出现异常,FTTB+LAN,四川省,攀枝花市,米易县,七佛乡,009号663室,2021-02-19 17:21:34
43,普通故障,业务不能使用,FTTO,四川省,德阳市,广汉市,朝阳乡,019号230室,2021-05-17 19:03:40
44,普通故障,其他问题,FTTH光纤接入方式,四川省,遂宁市,射洪县,四龙乡,042号270室,2021-07-25 06:45:12
45,普通故障,业务使用部分功能出现异常,FTTH光纤接入方式,四川省,广元市,朝天区,龙潭乡,064号342室,2021-04-24 09:09:14
46,普通故障,其他错误提示,FTTH光纤接入方式,四川省,乐山市,峨边彝族自治县,大兴镇,020号668室,2021-10-11 05:57:00
47,普通故障,业务不能使用,FTTO,四川省,雅安市,天全县,大雪山镇,080号278室,2021-08-20 00:27:23
48,普通故障,其他问题,FTTH光纤接入方式,四川省,达州市,大竹县,朝阳乡,032号499室,2021-11-26 03:43:22
49,普通故障,其他问题,FTTO,四川省,广元市,青川县,飞虹乡,079号545室,2021-05-25 01:47:51
50,普通故障,其他问题,FTTH光纤接入方式,四川省,绵阳市,江油市,大安街道,023号407室,2021-07-22 01:13:07
51,普通故障,其他错误提示,铜缆接入方式,四川省,泸州市,泸县,东兴乡,100号178室,2021-12-09 11:04:02
52,普通故障,其他问题,FTTB+LAN,四川省,甘孜藏族自治州,炉霍县,玉镇乡,061号596室,2021-05-02 21:35:22
53,普通故障,业务不能使用,FTTB+LAN,四川省,乐山市,市中区,鱼洞乡,011号424室,2021-12-14 10:21:10
54,普通故障,业务使用部分功能出现异常,FTTB+LAN,四川省,广安市,华蓥市,共和乡,037号118室,2021-01-02 17:14:51
55,普通故障,业务不能使用,铜缆接入方式,四川省,南充市,阆中市,宜坪乡,063号677室,2021-05-26 14:33:55
56,普通故障,业务使用部分功能出现异常,FTTO,四川省,凉山彝族自治州,德昌县,龙泉镇,053号196室,2021-01-22 08:50:37
57,普通故障,业务不能使用,铜缆接入方式,四川省,成都市,金牛区,万安镇,065号264室,2021-04-07 01:48:52
58,普通故障,其他问题,FTTO,四川省,广安市,华蓥市,千秋乡,082号595室,2021-04-22 16:49:01
59,普通故障,其他问题,铜缆接入方式,四川省,甘孜藏族自治州,新龙县,腾达镇,060号031室,2021-07-05 18:59:01
60,普通故障,其他问题,FTTH光纤接入方式,四川省,广元市,剑阁县,观太乡,069号075室,2021-12-04 06:01:43
61,普通故障,其他错误提示,FTTH光纤接入方式,四川省,德阳市,中江县,曲雅贡乡,067号092室,2021-04-01 13:43:27
62,普通故障,业务不能使用,FTTH光纤接入方式,四川省,自贡市,自流井区,回坪乡,062号495室,2021-08-24 04:25:51
63,普通故障,其他错误提示,FTTO,四川省,泸州市,古蔺县,顶新乡,041号274室,2021-02-25 17:29:07
64,普通故障,其他问题,FTTH光纤接入方式,四川省,德阳市,旌阳区,营门口街道,001号243室,2021-08-09 08:34:21
65,普通故障,业务不能使用,FTTH光纤接入方式,四川省,阿坝藏族羌族自治州,茂县,碑院镇,077号596室,2021-04-22 18:18:58
66,普通故障,其他问题,FTTB+LAN,四川省,遂宁市,射洪县,东坡街道,051号703室,2021-11-06 13:32:22
67,普通故障,其他错误提示,FTTH光纤接入方式,四川省,成都市,青羊区,东溪河乡,066号410室,2021-06-03 01:01:14
68,普通故障,其他错误提示,FTTB+LAN,四川省,自贡市,自流井区,马家乡,066号838室,2021-11-30 01:06:35
69,普通故障,其他错误提示,FTTO,四川省,达州市,万源市,沙河镇,088号188室,2021-08-13 05:11:32
70,普通故障,业务使用部分功能出现异常,FTTH光纤接入方式,四川省,巴中市,巴州区,通贤镇,032号368室,2021-07-16 04:31:42
71,普通故障,业务不能使用,FTTO,四川省,眉山市,洪雅县,新场乡,009号357室,2021-03-17 19:55:30
72,普通故障,其他问题,FTTB+LAN,四川省,宜宾市,南溪区,鱼洞乡,074号103室,2021-12-09 04:50:45
73,普通故障,业务不能使用,FTTH光纤接入方式,四川省,攀枝花市,西区,两路乡,090号971室,2021-09-07 15:19:22
74,普通故障,其他问题,铜缆接入方式,四川省,成都市,邛崃市,万年镇,001号632室,2021-03-10 04:13:03
75,普通故障,其他错误提示,铜缆接入方式,四川省,资阳市,安岳县,含增长钢街道,011号905室,2021-02-01 12:02:13
76,普通故障,其他问题,FTTO,四川省,泸州市,纳溪区,阳和镇,062号453室,2021-01-28 00:29:34
77,普通故障,业务不能使用,铜缆接入方式,四川省,雅安市,雨城区,寺岭乡,039号024室,2021-05-28 11:20:55
78,普通故障,业务不能使用,FTTH光纤接入方式,四川省,德阳市,旌阳区,大坝乡,067号584室,2021-01-24 09:39:24
79,普通故障,其他问题,FTTH光纤接入方式,四川省,资阳市,安岳县,飞虹乡,009号963室,2021-03-26 07:58:45
80,普通故障,其他错误提示,FTTH光纤接入方式,四川省,遂宁市,蓬溪县,张家乡,005号259室,2021-10-01 18:27:23
81,普通故障,其他错误提示,FTTB+LAN,四川省,宜宾市,筠连县,铁厂乡,096号264室,2021-03-08 08:18:48
82,普通故障,业务不能使用,FTTH光纤接入方式,四川省,自贡市,自流井区,天宝乡,054号168室,2021-01-20 09:25:57
83,普通故障,业务使用部分功能出现异常,FTTH光纤接入方式,四川省,眉山市,仁寿县,白果乡,098号713室,2021-08-02 14:37:07
84,普通故障,其他问题,FTTO,四川省,自贡市,荣县,皮擦乡,080号122室,2021-06-12 01:10:33
85,普通故障,业务不能使用,FTTH光纤接入方式,四川省,阿坝藏族羌族自治州,红原县,乐义乡,040号019室,2021-12-11 20:45:21
86,普通故障,业务使用部分功能出现异常,铜缆接入方式,四川省,德阳市,广汉市,炭库乡,090号274室,2021-05-11 15:02:45
87,普通故障,其他错误提示,FTTO,四川省,眉山市,青神县,金沙傈傈族乡,055号551室,2021-02-03 12:44:05
88,普通故障,业务使用部分功能出现异常,FTTO,四川省,内江市,东兴区,仁达乡,006号766室,2021-05-02 17:04:46
89,普通故障,其他错误提示,铜缆接入方式,四川省,自贡市,贡井区,石滩镇,007号221室,2021-06-29 00:11:34
90,普通故障,其他错误提示,FTTB+LAN,四川省,乐山市,五通桥区,五宝镇,091号226室,2021-05-05 20:54:42
91,普通故障,其他问题,FTTH光纤接入方式,四川省,德阳市,罗江县,三水镇,090号301室,2021-05-11 07:23:41
92,普通故障,业务不能使用,FTTO,四川省,乐山市,犍为县,合义乡,005号331室,2021-01-18 15:32:07
93,普通故障,业务使用部分功能出现异常,铜缆接入方式,四川省,广元市,苍溪县,镇子镇,004号012室,2021-09-30 06:42:06
94,普通故障,业务使用部分功能出现异常,FTTH光纤接入方式,四川省,内江市,隆昌县,镇舟镇,092号854室,2021-05-24 17:11:14
95,普通故障,其他错误提示,FTTB+LAN,四川省,自贡市,富顺县,西华街道,061号954室,2021-01-23 12:21:58
96,普通故障,业务使用部分功能出现异常,FTTH光纤接入方式,四川省,绵阳市,游仙区,中农镇,049号981室,2021-05-03 02:57:58
97,普通故障,其他错误提示,铜缆接入方式,四川省,甘孜藏族自治州,九龙县,忠义乡,100号082室,2021-02-12 02:27:36
98,普通故障,业务不能使用,铜缆接入方式,四川省,南充市,阆中市,马家乡,014号535室,2021-12-20 05:44:57
99,普通故障,业务不能使用,FTTB+LAN,四川省,达州市,万源市,大桥镇,066号574室,2021-04-07 13:32:50
100,普通故障,其他错误提示,FTTB+LAN,四川省,阿坝藏族羌族自治州,茂县,舒坪镇,077号248室,2021-09-19 18:33:28
101,普通故障,业务使用部分功能出现异常,FTTH光纤接入方式,四川省,甘孜藏族自治州,理塘县,新街街道,068号940室,2021-07-02 12:02:14
102,普通故障,业务不能使用,FTTO,四川省,宜宾市,筠连县,渔门镇,021号249室,2021-08-31 23:52:54
103,普通故障,其他错误提示,铜缆接入方式,四川省,德阳市,广汉市,南山镇,071号568室,2021-02-16 02:06:04
104,普通故障,其他问题,铜缆接入方式,四川省,凉山彝族自治州,德昌县,周礼镇,075号945室,2021-11-27 11:56:25
105,普通故障,其他错误提示,FTTO,四川省,甘孜藏族自治州,色达县,千秋乡,074号576室,2021-11-05 19:15:10
106,普通故障,业务使用部分功能出现异常,铜缆接入方式,四川省,绵阳市,梓潼县,临江镇,023号015室,2021-02-21 22:10:05
107,普通故障,其他错误提示,FTTO,四川省,宜宾市,筠连县,楼子乡,022号585室,2021-05-31 10:02:44
108,普通故障,业务使用部分功能出现异常,FTTH光纤接入方式,四川省,攀枝花市,东区,石河镇,023号021室,2021-05-08 09:41:33
109,普通故障,业务使用部分功能出现异常,FTTB+LAN,四川省,乐山市,井研县,南郊乡,004号523室,2021-01-19 11:14:38
110,普通故障,业务使用部分功能出现异常,FTTH光纤接入方式,四川省,资阳市,雁江区,绕鲁乡,063号771室,2021-11-26 09:54:06
111,普通故障,业务不能使用,铜缆接入方式,四川省,乐山市,犍为县,永和乡,097号670室,2021-06-30 19:11:40
112,普通故障,其他错误提示,FTTB+LAN,四川省,巴中市,恩阳区,赵化镇,001号381室,2021-07-29 18:59:27
113,普通故障,业务不能使用,FTTB+LAN,四川省,泸州市,江阳区,永福乡,001号705室,2021-07-27 07:08:44
114,普通故障,业务使用部分功能出现异常,FTTB+LAN,四川省,资阳市,安岳县,雁门镇,008号344室,2021-07-17 19:33:54
115,普通故障,其他错误提示,FTTO,四川省,宜宾市,兴文县,大埝乡,068号344室,2021-02-23 12:05:53
116,普通故障,业务使用部分功能出现异常,FTTO,四川省,泸州市,合江县,武连镇,082号337室,2021-03-27 05:00:15
117,普通故障,业务使用部分功能出现异常,FTTO,四川省,遂宁市,射洪县,龙孔镇,028号369室,2021-06-19 21:34:26
118,普通故障,其他问题,FTTB+LAN,四川省,南充市,嘉陵区,舒坪镇,010号588室,2021-05-01 15:03:47
119,普通故障,业务使用部分功能出现异常,铜缆接入方式,四川省,达州市,万源市,岳阳镇,018号792室,2021-01-10 07:38:04
120,普通故障,业务不能使用,FTTH光纤接入方式,四川省,泸州市,龙马潭区,石窝乡,069号423室,2021-07-12 20:49:27
121,普通故障,业务使用部分功能出现异常,FTTH光纤接入方式,四川省,广元市,利州区,彭庙镇,039号541室,2021-12-29 02:34:33
122,普通故障,其他错误提示,FTTO,四川省,泸州市,龙马潭区,护龙镇,080号142室,2021-03-12 05:20:42
123,普通故障,业务不能使用,FTTO,四川省,广元市,昭化区,魏家乡,020号851室,2021-04-07 22:15:01
124,普通故障,其他问题,FTTH光纤接入方式,四川省,凉山彝族自治州,宁南县,拱桥乡,070号147室,2021-10-15 23:02:29
125,普通故障,其他问题,铜缆接入方式,四川省,达州市,宣汉县,友谊乡,003号233室,2021-08-08 04:32:16
126,普通故障,业务不能使用,铜缆接入方式,四川省,达州市,开江县,桥楼乡,067号369室,2021-02-08 01:14:04
127,普通故障,其他错误提示,FTTH光纤接入方式,四川省,泸州市,叙永县,清河镇,051号571室,2021-12-01 16:24:19
128,普通故障,其他问题,FTTB+LAN,四川省,广元市,利州区,大沙乡,084号150室,2021-02-25 03:38:56
129,普通故障,业务不能使用,FTTO,四川省,南充市,蓬安县,大竹镇,060号556室,2021-11-15 16:25:34
130,普通故障,业务使用部分功能出现异常,FTTO,四川省,达州市,万源市,长土镇,064号960室,2021-05-31 03:33:21
131,普通故障,业务不能使用,FTTB+LAN,四川省,乐山市,市中区,三庙乡,094号326室,2021-09-18 21:06:09
132,普通故障,业务不能使用,FTTH光纤接入方式,四川省,成都市,金牛区,新民镇,050号655室,2021-05-13 00:46:43
133,普通故障,业务不能使用,FTTB+LAN,四川省,广元市,剑阁县,碧溪乡,096号454室,2021-12-31 09:01:47
134,普通故障,业务使用部分功能出现异常,FTTH光纤接入方式,四川省,达州市,宣汉县,马家乡,050号151室,2021-05-04 07:41:08
135,普通故障,其他错误提示,FTTB+LAN,四川省,雅安市,天全县,云峰乡,096号024室,2021-07-04 06:25:45
136,普通故障,其他问题,FTTO,四川省,遂宁市,大英县,护龙镇,005号719室,2021-05-25 21:55:59
137,普通故障,其他错误提示,铜缆接入方式,四川省,甘孜藏族自治州,巴塘县,大成镇,047号322室,2021-06-18 07:58:38
138,普通故障,其他问题,铜缆接入方式,四川省,达州市,大竹县,袁家坝,069号432室,2021-04-12 05:24:10
139,普通故障,其他问题,FTTH光纤接入方式,四川省,雅安市,芦山县,牛华镇,080号024室,2021-07-18 17:33:08
140,普通故障,其他问题,FTTB+LAN,四川省,绵阳市,游仙区,色威乡,096号399室,2021-11-29 19:51:24
141,普通故障,业务不能使用,FTTO,四川省,广安市,前锋区,新河乡,069号330室,2021-01-04 06:50:16
142,普通故障,其他错误提示,FTTB+LAN,四川省,广元市,旺苍县,玉丰镇,077号553室,2021-09-27 22:27:48
143,普通故障,其他问题,FTTO,四川省,内江市,资中县,荷花池街道,090号022室,2021-01-05 07:00:08
144,普通故障,业务不能使用,FTTO,四川省,德阳市,罗江县,石板镇,036号686室,2021-03-07 21:43:55
145,普通故障,其他错误提示,铜缆接入方式,四川省,遂宁市,射洪县,拖乌乡,048号771室,2021-01-14 08:29:42
146,普通故障,其他问题,FTTH光纤接入方式,四川省,乐山市,金口河区,新春乡,097号896室,2021-10-22 14:27:58
147,普通故障,业务不能使用,FTTO,四川省,阿坝藏族羌族自治州,红原县,喻寺镇,089号485室,2021-09-16 04:26:53
148,普通故障,业务不能使用,FTTO,四川省,德阳市,广汉市,曲谷乡,074号546室,2021-09-24 12:14:16
149,普通故障,业务不能使用,FTTB+LAN,四川省,南充市,嘉陵区,庙安乡,094号871室,2021-08-23 15:17:56
150,普通故障,其他错误提示,铜缆接入方式,四川省,自贡市,大安区,同福乡,015号547室,2021-01-18 16:27:04
151,普通故障,其他问题,铜缆接入方式,四川省,宜宾市,南溪区,高坪苗族乡,070号545室,2021-01-22 17:39:40
152,普通故障,其他错误提示,铜缆接入方式,四川省,阿坝藏族羌族自治州,若尔盖县,长石乡,095号930室,2021-05-22 15:40:55
153,普通故障,业务使用部分功能出现异常,FTTO,四川省,成都市,青羊区,九层乡,023号437室,2021-10-25 03:05:13
154,普通故障,其他问题,FTTO,四川省,南充市,西充县,童家乡,072号282室,2021-10-07 13:54:10
155,普通故障,其他错误提示,FTTH光纤接入方式,四川省,德阳市,广汉市,东胜乡,100号333室,2021-06-01 09:44:10
156,普通故障,业务使用部分功能出现异常,FTTB+LAN,四川省,泸州市,合江县,护建乡,050号652室,2021-03-02 02:18:47
157,普通故障,其他问题,FTTO,四川省,阿坝藏族羌族自治州,阿坝县,大榆镇,091号143室,2021-02-13 21:21:32
158,普通故障,其他错误提示,FTTB+LAN,四川省,阿坝藏族羌族自治州,壤塘县,井溪乡,002号630室,2021-01-06 10:40:55
159,普通故障,其他问题,FTTO,四川省,遂宁市,蓬溪县,周兴镇,084号118室,2021-11-14 16:55:08
160,普通故障,业务使用部分功能出现异常,FTTB+LAN,四川省,资阳市,雁江区,新村乡,024号321室,2021-04-17 08:31:50
161,普通故障,业务不能使用,FTTB+LAN,四川省,达州市,通川区,永兴镇,037号618室,2021-09-02 03:59:28
162,普通故障,业务使用部分功能出现异常,FTTB+LAN,四川省,自贡市,自流井区,子庚乡,027号223室,2021-04-02 17:04:52
163,普通故障,其他问题,FTTB+LAN,四川省,达州市,万源市,上峡乡,058号614室,2021-04-04 18:24:23
164,普通故障,其他问题,铜缆接入方式,四川省,达州市,达川区,松涛镇,089号483室,2021-09-30 07:07:08
165,普通故障,业务使用部分功能出现异常,FTTB+LAN,四川省,泸州市,龙马潭区,下八镇,064号618室,2021-06-10 08:46:38
166,普通故障,业务不能使用,铜缆接入方式,四川省,广元市,青川县,城西乡,043号477室,2021-01-25 05:26:44
167,普通故障,其他问题,FTTB+LAN,四川省,泸州市,江阳区,新街街道,080号262室,2021-07-24 10:53:35
168,普通故障,其他问题,铜缆接入方式,四川省,眉山市,仁寿县,桃园乡,072号096室,2021-12-28 14:32:21
169,普通故障,其他问题,铜缆接入方式,四川省,泸州市,纳溪区,明月镇,008号023室,2021-03-19 10:18:18
170,普通故障,其他问题,铜缆接入方式,四川省,雅安市,石棉县,泥溪乡,085号668室,2021-03-31 09:36:46
171,普通故障,业务使用部分功能出现异常,FTTB+LAN,四川省,巴中市,通江县,朝阳乡,013号242室,2021-10-17 23:14:11
172,普通故障,其他问题,铜缆接入方式,四川省,泸州市,龙马潭区,努力乡,091号901室,2021-10-28 23:21:16
173,普通故障,业务不能使用,FTTO,四川省,巴中市,平昌县,新乐镇,053号296室,2021-03-13 22:39:35
174,普通故障,业务不能使用,FTTB+LAN,四川省,广元市,剑阁县,科学城街道,064号222室,2021-06-08 18:23:09
175,普通故障,业务不能使用,FTTH光纤接入方式,四川省,南充市,顺庆区,姚渡镇,034号025室,2021-02-17 21:43:30
176,普通故障,业务使用部分功能出现异常,FTTO,四川省,巴中市,恩阳区,水口镇,056号365室,2021-04-09 16:47:19
177,普通故障,其他问题,FTTO,四川省,攀枝花市,西区,板桥镇,099号500室,2021-03-01 21:10:39
178,普通故障,其他问题,FTTH光纤接入方式,四川省,达州市,渠县,宰羊乡,074号308室,2021-01-31 21:41:58
179,普通故障,其他错误提示,FTTB+LAN,四川省,达州市,达川区,麻英乡,081号466室,2021-01-10 19:23:56
180,普通故障,其他错误提示,铜缆接入方式,四川省,德阳市,什邡市,喇嘛垭乡,016号211室,2021-09-11 09:27:33
181,普通故障,其他问题,FTTO,四川省,达州市,大竹县,南郊乡,049号934室,2021-04-27 11:48:33
182,普通故障,其他错误提示,铜缆接入方式,四川省,巴中市,平昌县,观太乡,017号150室,2021-11-20 16:54:24
183,普通故障,其他问题,铜缆接入方式,四川省,雅安市,雨城区,莲花镇,036号162室,2021-06-16 14:07:54
184,普通故障,其他错误提示,FTTH光纤接入方式,四川省,攀枝花市,盐边县,升钟镇,064号866室,2021-02-19 23:49:43
185,普通故障,其他错误提示,铜缆接入方式,四川省,凉山彝族自治州,甘洛县,张家乡,052号265室,2021-05-06 18:31:53
186,普通故障,其他错误提示,FTTH光纤接入方式,四川省,成都市,金堂县,宝石乡,090号237室,2021-11-12 17:51:14
187,普通故障,其他错误提示,FTTO,四川省,内江市,隆昌县,明月镇,045号142室,2021-12-28 20:27:02
188,普通故障,业务使用部分功能出现异常,FTTB+LAN,四川省,攀枝花市,米易县,正兴乡,072号864室,2021-12-09 15:50:04
189,普通故障,业务使用部分功能出现异常,FTTO,四川省,宜宾市,南溪区,大坝苗族乡,078号832室,2021-01-24 20:36:59
190,普通故障,其他问题,FTTH光纤接入方式,四川省,乐山市,夹江县,长坝乡,008号905室,2021-02-04 11:02:00
191,普通故障,其他问题,FTTO,四川省,南充市,高坪区,乐安寺乡,017号037室,2021-05-26 06:03:01
192,普通故障,业务不能使用,FTTH光纤接入方式,四川省,攀枝花市,盐边县,城西乡,055号996室,2021-01-22 09:02:38
193,普通故障,其他问题,FTTB+LAN,四川省,攀枝花市,东区,平桥乡,043号737室,2021-01-08 04:26:29
194,普通故障,业务使用部分功能出现异常,FTTB+LAN,四川省,广元市,朝天区,长兴镇,002号084室,2021-08-25 14:41:26
195,普通故障,业务使用部分功能出现异常,FTTO,四川省,宜宾市,筠连县,湾丘彝族乡,031号003室,2021-02-27 01:40:28
196,普通故障,业务使用部分功能出现异常,FTTO,四川省,巴中市,通江县,福善镇,088号958室,2021-09-16 21:27:55
197,普通故障,其他错误提示,FTTB+LAN,四川省,遂宁市,安居区,玉山镇,034号635室,2021-12-31 13:55:44
198,普通故障,其他问题,FTTB+LAN,四川省,巴中市,恩阳区,赵塘乡,073号054室,2021-12-27 11:22:05
199,普通故障,业务使用部分功能出现异常,FTTH光纤接入方式,四川省,凉山彝族自治州,金阳县,云凤乡,060号455室,2021-03-27 23:54:51
200,普通故障,业务使用部分功能出现异常,FTTB+LAN,四川省,遂宁市,船山区,双加镇,054号377室,2021-09-16 06:05:21
201,普通故障,其他错误提示,FTTH光纤接入方式,四川省,广安市,华蓥市,华阳街道,038号404室,2021-01-15 13:51:42
202,普通故障,业务不能使用,FTTH光纤接入方式,四川省,攀枝花市,仁和区,新庙乡,044号619室,2021-09-26 19:59:40
203,普通故障,业务使用部分功能出现异常,FTTO,四川省,甘孜藏族自治州,雅江县,闻溪乡,051号373室,2021-12-01 21:57:54
204,普通故障,业务不能使用,铜缆接入方式,四川省,成都市,金牛区,同德镇,029号733室,2021-11-06 10:38:07
205,普通故障,其他错误提示,FTTH光纤接入方式,四川省,遂宁市,蓬溪县,高坎乡,082号768室,2021-05-03 13:32:35
206,普通故障,其他错误提示,FTTH光纤接入方式,四川省,宜宾市,屏山县,新中镇,008号155室,2021-06-26 20:31:10
207,普通故障,业务不能使用,铜缆接入方式,四川省,攀枝花市,仁和区,壤口乡,037号697室,2021-12-18 22:52:47
208,普通故障,业务不能使用,FTTH光纤接入方式,四川省,雅安市,芦山县,唐家河国家级自然保护区,076号015室,2021-10-19 15:11:31
209,普通故障,业务不能使用,FTTO,四川省,乐山市,夹江县,香山镇,080号215室,2021-02-21 17:05:24
210,普通故障,业务不能使用,铜缆接入方式,四川省,达州市,通川区,涂山乡,002号637室,2021-12-14 07:02:05
211,普通故障,其他问题,FTTB+LAN,四川省,资阳市,乐至县,火花街道,030号911室,2021-07-22 10:28:29
212,普通故障,其他问题,FTTH光纤接入方式,四川省,凉山彝族自治州,布拖县,岳源乡,069号671室,2021-02-24 04:26:32
213,普通故障,业务使用部分功能出现异常,FTTB+LAN,四川省,遂宁市,射洪县,西外乡,036号448室,2021-12-08 03:45:15
214,普通故障,其他错误提示,FTTO,四川省,内江市,威远县,庙坝镇,042号669室,2021-11-29 06:43:51
215,普通故障,其他问题,FTTO,四川省,南充市,蓬安县,马冲口街道,069号575室,2021-08-03 20:23:05
216,普通故障,其他问题,FTTH光纤接入方式,四川省,广元市,苍溪县,北门乡,036号107室,2021-07-21 09:36:55
217,普通故障,业务使用部分功能出现异常,FTTH光纤接入方式,四川省,自贡市,贡井区,兰草镇,040号351室,2021-12-27 05:22:23
218,普通故障,其他错误提示,铜缆接入方式,四川省,遂宁市,蓬溪县,格萨拉彝族乡,001号254室,2021-10-14 08:47:36
219,普通故障,业务使用部分功能出现异常,铜缆接入方式,四川省,雅安市,雨城区,丰裕镇,070号640室,2021-09-24 02:21:15
220,普通故障,业务使用部分功能出现异常,FTTH光纤接入方式,四川省,甘孜藏族自治州,石渠县,雒城镇,004号075室,2021-02-13 03:31:22
221,普通故障,其他问题,FTTO,四川省,内江市,隆昌县,童家乡,038号465室,2021-01-21 11:42:28
222,普通故障,其他问题,FTTH光纤接入方式,四川省,甘孜藏族自治州,丹巴县,文林镇,015号362室,2021-04-22 01:50:56
223,普通故障,其他错误提示,FTTO,四川省,攀枝花市,米易县,盘石乡,014号035室,2021-12-16 22:28:31
224,普通故障,其他错误提示,FTTH光纤接入方式,四川省,南充市,西充县,龙华镇,036号327室,2021-05-03 04:06:34
225,普通故障,其他问题,FTTO,四川省,乐山市,五通桥区,五马乡,096号368室,2021-12-25 22:09:47
226,普通故障,业务使用部分功能出现异常,FTTB+LAN,四川省,达州市,渠县,嘉禾街道,070号858室,2021-08-10 19:27:56
227,普通故障,业务使用部分功能出现异常,FTTH光纤接入方式,四川省,广安市,邻水县,永郎镇,086号031室,2021-02-06 07:47:40
228,普通故障,其他问题,FTTO,四川省,泸州市,叙永县,大安乡,088号354室,2021-09-23 11:14:46
229,普通故障,其他错误提示,铜缆接入方式,四川省,攀枝花市,米易县,江南镇,097号388室,2021-07-20 02:24:56
230,普通故障,其他问题,铜缆接入方式,四川省,雅安市,名山区,和新镇,100号100室,2021-12-03 13:52:55
231,普通故障,其他错误提示,FTTB+LAN,四川省,绵阳市,安州区,凤鸣乡,086号393室,2021-03-16 09:47:46
232,普通故障,其他错误提示,FTTO,四川省,眉山市,彭山区,界牌镇,096号203室,2021-12-01 12:27:43
233,普通故障,业务使用部分功能出现异常,FTTO,四川省,绵阳市,梓潼县,石铁乡,054号342室,2021-12-10 00:13:21
234,普通故障,业务使用部分功能出现异常,FTTO,四川省,宜宾市,筠连县,楼子乡,026号978室,2021-11-11 14:22:25
235,普通故障,业务不能使用,FTTO,四川省,乐山市,市中区,太和镇,074号183室,2021-06-25 04:53:43
236,普通故障,业务不能使用,FTTB+LAN,四川省,甘孜藏族自治州,德格县,土门乡,026号453室,2021-02-01 02:39:10
237,普通故障,其他错误提示,FTTO,四川省,德阳市,绵竹市,梧凤乡,010号334室,2021-02-07 11:19:59
238,普通故障,业务不能使用,铜缆接入方式,四川省,甘孜藏族自治州,巴塘县,王河镇,054号999室,2021-02-28 18:21:53
239,普通故障,业务使用部分功能出现异常,铜缆接入方式,四川省,广安市,武胜县,大康镇,046号582室,2021-04-13 16:07:55
240,普通故障,其他问题,FTTO,四川省,达州市,达川区,琅琊镇,082号464室,2021-06-23 03:33:19
241,普通故障,其他错误提示,FTTH光纤接入方式,四川省,甘孜藏族自治州,理塘县,白合镇,033号909室,2021-05-16 14:36:26
242,普通故障,其他错误提示,FTTH光纤接入方式,四川省,宜宾市,兴文县,民胜镇,052号144室,2021-04-15 00:14:47
243,普通故障,其他错误提示,FTTO,四川省,阿坝藏族羌族自治州,汶川县,东岳乡,020号839室,2021-12-28 23:05:53
244,普通故障,其他错误提示,FTTB+LAN,四川省,广元市,利州区,耿达乡,033号775室,2021-01-06 15:12:04
245,普通故障,业务不能使用,FTTH光纤接入方式,四川省,广元市,青川县,永郎镇,068号839室,2021-06-05 23:46:49
246,普通故障,其他错误提示,铜缆接入方式,四川省,自贡市,沿滩区,焦滩乡,073号411室,2021-04-11 05:30:12
247,普通故障,其他问题,铜缆接入方式,四川省,泸州市,古蔺县,新华西路街道,098号014室,2021-11-05 14:54:53
248,普通故障,业务使用部分功能出现异常,FTTO,四川省,自贡市,沿滩区,乐义乡,030号511室,2021-09-29 18:24:32
249,普通故障,业务不能使用,FTTH光纤接入方式,四川省,绵阳市,平武县,大兴镇,088号251室,2021-05-28 13:53:57
250,普通故障,业务不能使用,FTTH光纤接入方式,四川省,绵阳市,北川羌族自治县,土门乡,062号707室,2021-01-10 22:55:29
251,普通故障,业务不能使用,FTTO,四川省,绵阳市,安州区,太安镇,054号970室,2021-10-06 12:35:57
252,普通故障,业务不能使用,FTTB+LAN,四川省,内江市,东兴区,双石镇,036号745室,2021-01-31 08:20:22
253,普通故障,其他问题,FTTB+LAN,四川省,宜宾市,筠连县,会龙镇,097号570室,2021-04-16 07:47:59
254,普通故障,其他错误提示,FTTB+LAN,四川省,乐山市,市中区,蒙顶山镇,076号972室,2021-11-12 09:30:19
255,普通故障,其他问题,FTTH光纤接入方式,四川省,阿坝藏族羌族自治州,小金县,摩梭河街道,094号379室,2021-04-04 20:49:19
256,普通故障,其他错误提示,FTTO,四川省,眉山市,洪雅县,石井铺乡,032号877室,2021-02-05 13:03:45
257,普通故障,业务使用部分功能出现异常,FTTB+LAN,四川省,广元市,朝天区,高石乡,013号915室,2021-07-31 01:04:42
258,普通故障,业务使用部分功能出现异常,FTTB+LAN,四川省,德阳市,罗江县,龙桥乡,052号242室,2021-12-23 08:17:06
259,普通故障,其他错误提示,FTTB+LAN,四川省,成都市,双流区,龙凤乡,015号971室,2021-07-13 09:39:37
260,普通故障,其他问题,FTTB+LAN,四川省,南充市,南部县,三墩土家族乡,080号272室,2021-09-16 00:51:12
261,普通故障,业务不能使用,FTTB+LAN,四川省,阿坝藏族羌族自治州,茂县,城北镇,053号745室,2021-09-25 17:08:31
262,普通故障,业务使用部分功能出现异常,铜缆接入方式,四川省,眉山市,仁寿县,赤化镇,005号013室,2021-09-26 13:34:03
263,普通故障,其他错误提示,FTTB+LAN,四川省,甘孜藏族自治州,得荣县,大渡口镇,023号496室,2021-06-26 10:38:42
264,普通故障,其他错误提示,铜缆接入方式,四川省,凉山彝族自治州,越西县,南兴镇,011号553室,2021-07-20 08:26:06
265,普通故障,业务使用部分功能出现异常,铜缆接入方式,四川省,绵阳市,三台县,麻英乡,040号043室,2021-02-21 18:46:09
266,普通故障,业务不能使用,铜缆接入方式,四川省,乐山市,犍为县,关庄镇,010号473室,2021-11-21 07:07:36
267,普通故障,业务使用部分功能出现异常,FTTH光纤接入方式,四川省,达州市,达川区,柳黄乡,095号943室,2021-05-04 13:30:10
268,普通故障,其他错误提示,铜缆接入方式,四川省,遂宁市,船山区,黑马乡,018号084室,2021-12-21 12:40:19
269,普通故障,业务使用部分功能出现异常,FTTO,四川省,阿坝藏族羌族自治州,壤塘县,曹家乡,094号970室,2021-09-14 15:58:29
270,普通故障,其他错误提示,铜缆接入方式,四川省,雅安市,芦山县,上寺乡,095号442室,2021-01-09 06:36:51
271,普通故障,其他问题,FTTB+LAN,四川省,广元市,青川县,石板镇,063号532室,2021-01-04 11:01:38
272,普通故障,业务不能使用,铜缆接入方式,四川省,广元市,旺苍县,罗文镇,017号799室,2021-10-15 12:02:30
273,普通故障,业务使用部分功能出现异常,FTTH光纤接入方式,四川省,德阳市,罗江县,木马镇,071号797室,2021-02-21 15:47:46
274,普通故障,其他问题,FTTO,四川省,巴中市,巴州区,啊喇彝族乡,033号190室,2021-10-03 05:21:26
275,普通故障,其他问题,FTTH光纤接入方式,四川省,巴中市,通江县,陈家坝乡,089号494室,2021-06-03 18:16:03
276,普通故障,其他问题,FTTB+LAN,四川省,阿坝藏族羌族自治州,红原县,德达乡,091号716室,2021-12-08 01:07:45
277,普通故障,业务不能使用,FTTB+LAN,四川省,南充市,顺庆区,东湖乡,021号290室,2021-08-06 13:39:05
278,普通故障,其他问题,FTTB+LAN,四川省,泸州市,江阳区,香沉镇,039号273室,2021-03-26 16:27:29
279,普通故障,其他错误提示,FTTO,四川省,眉山市,东坡区,柏隆镇,090号872室,2021-01-15 05:18:49
280,普通故障,业务使用部分功能出现异常,FTTO,四川省,遂宁市,船山区,太乙镇,048号328室,2021-08-11 08:19:04
281,普通故障,其他问题,FTTO,四川省,资阳市,安岳县,金溪镇,045号395室,2021-09-05 11:17:54
282,普通故障,业务使用部分功能出现异常,FTTB+LAN,四川省,遂宁市,射洪县,普仁乡,098号908室,2021-03-16 21:08:20
283,普通故障,其他错误提示,FTTH光纤接入方式,四川省,南充市,仪陇县,草市街街道,069号537室,2021-08-20 07:40:47
284,普通故障,其他错误提示,FTTB+LAN,四川省,德阳市,什邡市,定文镇,030号208室,2021-12-11 00:59:44
285,普通故障,其他错误提示,铜缆接入方式,四川省,南充市,阆中市,大院回族乡,001号818室,2021-06-09 01:00:45
286,普通故障,业务使用部分功能出现异常,FTTO,四川省,自贡市,荣县,圣灯镇,064号629室,2021-07-25 10:58:29
287,普通故障,业务不能使用,FTTB+LAN,四川省,眉山市,洪雅县,天元镇,044号078室,2021-04-02 17:57:48
288,普通故障,业务不能使用,铜缆接入方式,四川省,眉山市,东坡区,梨树乡,033号208室,2021-09-18 03:00:30
289,普通故障,业务使用部分功能出现异常,FTTB+LAN,四川省,成都市,金牛区,汉旺镇,046号001室,2021-02-02 01:25:56
290,普通故障,业务不能使用,FTTB+LAN,四川省,遂宁市,安居区,双凤镇,010号918室,2021-03-11 19:49:31
291,普通故障,业务不能使用,铜缆接入方式,四川省,凉山彝族自治州,盐源县,平梁乡,046号390室,2021-02-14 11:59:58
292,普通故障,业务不能使用,FTTH光纤接入方式,四川省,泸州市,纳溪区,觉莫乡,068号755室,2021-02-08 08:44:43
293,普通故障,其他问题,FTTH光纤接入方式,四川省,凉山彝族自治州,宁南县,通济镇,073号617室,2021-10-24 09:32:59
294,普通故障,其他问题,FTTH光纤接入方式,四川省,攀枝花市,仁和区,复兴镇,032号004室,2021-11-07 11:32:19
295,普通故障,其他问题,铜缆接入方式,四川省,德阳市,罗江县,凤凰乡,029号114室,2021-10-07 04:43:34
296,普通故障,业务使用部分功能出现异常,铜缆接入方式,四川省,广安市,武胜县,江北街道,046号018室,2021-08-03 19:05:21
297,普通故障,业务使用部分功能出现异常,FTTH光纤接入方式,四川省,达州市,达川区,双胜镇,097号508室,2021-01-24 11:28:11
298,普通故障,业务使用部分功能出现异常,FTTH光纤接入方式,四川省,内江市,资中县,竹阿觉乡,041号678室,2021-05-18 01:21:38
299,普通故障,业务不能使用,FTTB+LAN,四川省,资阳市,雁江区,宝梵镇,049号045室,2021-07-30 21:23:26
300,普通故障,业务使用部分功能出现异常,FTTH光纤接入方式,四川省,雅安市,雨城区,潼射镇,055号427室,2021-01-20 05:58:51
301,普通故障,业务不能使用,铜缆接入方式,四川省,攀枝花市,西区,万安镇,047号261室,2021-07-14 18:33:58
302,普通故障,其他错误提示,FTTB+LAN,四川省,广元市,苍溪县,水宁寺镇,076号705室,2021-06-06 20:54:13
303,普通故障,业务使用部分功能出现异常,FTTH光纤接入方式,四川省,绵阳市,平武县,蒿坝镇,052号252室,2021-11-22 18:28:04
304,普通故障,其他问题,FTTO,四川省,巴中市,通江县,椒园乡,076号044室,2021-10-09 14:27:23
305,普通故障,其他问题,FTTH光纤接入方式,四川省,眉山市,仁寿县,草堂街道,020号940室,2021-03-25 02:03:30
306,普通故障,业务使用部分功能出现异常,FTTO,四川省,巴中市,巴州区,大寅镇,073号959室,2021-01-20 09:05:40
307,普通故障,业务不能使用,FTTH光纤接入方式,四川省,宜宾市,宜宾县,大兴乡,018号660室,2021-03-13 12:13:59
308,普通故障,业务使用部分功能出现异常,FTTO,四川省,泸州市,江阳区,板桥乡,086号714室,2021-09-04 01:36:27
309,普通故障,业务不能使用,FTTO,四川省,攀枝花市,西区,秦河乡,082号036室,2021-10-25 19:42:22
310,普通故障,业务使用部分功能出现异常,铜缆接入方式,四川省,成都市,新津县,大雪山镇,080号803室,2021-04-13 22:53:26
311,普通故障,其他问题,FTTO,四川省,雅安市,名山区,朝真乡,089号663室,2021-05-18 05:13:49
312,普通故障,业务使用部分功能出现异常,FTTO,四川省,成都市,新津县,荷花池街道,005号783室,2021-03-07 21:52:15
313,普通故障,其他问题,FTTH光纤接入方式,四川省,资阳市,乐至县,水磨镇,040号634室,2021-10-12 03:35:18
314,普通故障,业务使用部分功能出现异常,FTTO,四川省,资阳市,乐至县,文升乡,085号592室,2021-06-15 18:37:28
315,普通故障,其他错误提示,FTTH光纤接入方式,四川省,巴中市,通江县,茅坝乡,097号515室,2021-12-25 13:23:43
316,普通故障,业务不能使用,FTTO,四川省,眉山市,东坡区,响石镇,025号085室,2021-01-23 15:23:23
317,普通故障,业务不能使用,FTTB+LAN,四川省,巴中市,通江县,巡司镇,013号153室,2021-02-03 12:21:45
318,普通故障,其他问题,FTTB+LAN,四川省,内江市,威远县,东林镇,033号086室,2021-04-21 14:51:05
319,普通故障,业务使用部分功能出现异常,FTTO,四川省,内江市,资中县,黄钟镇,045号493室,2021-06-21 22:25:55
320,普通故障,其他问题,FTTH光纤接入方式,四川省,凉山彝族自治州,甘洛县,和兴镇,027号882室,2021-04-01 04:34:40
321,普通故障,其他错误提示,FTTH光纤接入方式,四川省,雅安市,荥经县,墨林乡,079号395室,2021-07-18 05:50:39
322,普通故障,其他问题,FTTO,四川省,眉山市,仁寿县,高山镇,098号481室,2021-08-08 06:07:08
323,普通故障,其他错误提示,FTTB+LAN,四川省,攀枝花市,米易县,建华乡,009号089室,2021-06-24 04:21:36
324,普通故障,其他错误提示,FTTB+LAN,四川省,遂宁市,安居区,洼底乡,074号257室,2021-09-17 22:12:19
325,普通故障,其他错误提示,FTTO,四川省,宜宾市,高县,河西街道,071号828室,2021-12-16 20:06:36
326,普通故障,业务使用部分功能出现异常,FTTO,四川省,巴中市,南江县,盘龙镇,078号919室,2021-11-16 16:00:08
327,普通故障,其他问题,FTTB+LAN,四川省,乐山市,市中区,高梁镇,025号383室,2021-01-06 08:53:26
328,普通故障,其他错误提示,FTTB+LAN,四川省,乐山市,井研县,凌云乡,004号719室,2021-07-14 20:07:03
329,普通故障,其他错误提示,FTTB+LAN,四川省,遂宁市,射洪县,小安乡,037号625室,2021-02-27 07:32:27
330,普通故障,业务使用部分功能出现异常,FTTO,四川省,资阳市,雁江区,龙凤乡,052号589室,2021-09-15 10:17:42
331,普通故障,业务使用部分功能出现异常,FTTO,四川省,宜宾市,珙县,槐花乡,042号439室,2021-03-04 23:36:49
332,普通故障,业务使用部分功能出现异常,FTTO,四川省,绵阳市,游仙区,阳和镇,019号454室,2021-07-22 17:34:51
333,普通故障,其他错误提示,FTTO,四川省,广安市,广安区,九里堤街道,072号918室,2021-12-27 02:51:30
334,普通故障,业务使用部分功能出现异常,FTTO,四川省,攀枝花市,西区,小汉镇,051号502室,2021-03-12 21:30:50
335,普通故障,其他错误提示,FTTH光纤接入方式,四川省,资阳市,雁江区,三洞镇,057号919室,2021-08-12 04:25:28
336,普通故障,业务不能使用,FTTH光纤接入方式,四川省,德阳市,中江县,桃园乡,094号655室,2021-06-21 07:36:57
337,普通故障,业务不能使用,FTTB+LAN,四川省,攀枝花市,盐边县,白坡彝族乡,002号478室,2021-06-06 21:59:18
338,普通故障,其他错误提示,FTTO,四川省,德阳市,旌阳区,铁溪镇,097号473室,2021-04-22 15:39:23
339,普通故障,业务不能使用,FTTB+LAN,四川省,南充市,顺庆区,龙凤乡,027号410室,2021-10-10 02:23:30
340,普通故障,其他错误提示,FTTO,四川省,绵阳市,涪城区,南坝镇,093号607室,2021-02-24 04:06:16
341,普通故障,业务使用部分功能出现异常,FTTO,四川省,雅安市,汉源县,李家镇,058号106室,2021-08-02 12:22:28
342,普通故障,业务使用部分功能出现异常,FTTO,四川省,绵阳市,安州区,仲权镇,065号618室,2021-11-07 15:45:18
343,普通故障,其他错误提示,铜缆接入方式,四川省,成都市,金牛区,空山乡,005号512室,2021-10-18 06:46:54
344,普通故障,业务使用部分功能出现异常,FTTH光纤接入方式,四川省,广元市,朝天区,甲依乡,015号274室,2021-02-08 09:02:46
345,普通故障,其他错误提示,FTTO,四川省,成都市,青羊区,郭家坳街街道,026号378室,2021-01-17 05:40:21
346,普通故障,其他错误提示,FTTB+LAN,四川省,南充市,营山县,马家乡,069号396室,2021-06-29 22:32:46
347,普通故障,业务不能使用,FTTB+LAN,四川省,德阳市,中江县,智水乡,074号476室,2021-12-01 19:01:23
348,普通故障,业务不能使用,铜缆接入方式,四川省,巴中市,巴州区,文林镇,062号379室,2021-07-05 10:23:11
349,普通故障,其他问题,铜缆接入方式,四川省,绵阳市,江油市,诺江镇,037号591室,2021-09-19 01:03:21
350,普通故障,业务不能使用,FTTB+LAN,四川省,自贡市,大安区,和平乡,055号822室,2021-09-19 03:19:18
351,普通故障,业务不能使用,FTTO,四川省,内江市,东兴区,龙镇乡,097号946室,2021-07-04 16:25:39
352,普通故障,其他错误提示,FTTB+LAN,四川省,遂宁市,船山区,城北街道,041号584室,2021-10-30 01:24:24
353,普通故障,业务使用部分功能出现异常,FTTO,四川省,广安市,岳池县,黄钵乡,001号971室,2021-06-20 04:25:05
354,普通故障,业务使用部分功能出现异常,FTTB+LAN,四川省,甘孜藏族自治州,丹巴县,里仁乡,072号857室,2021-09-02 18:55:35
355,普通故障,其他错误提示,FTTH光纤接入方式,四川省,自贡市,富顺县,高庙乡,087号045室,2021-11-17 07:28:26
356,普通故障,业务使用部分功能出现异常,铜缆接入方式,四川省,眉山市,青神县,护建乡,073号536室,2021-02-23 16:26:48
357,普通故障,业务使用部分功能出现异常,FTTB+LAN,四川省,巴中市,南江县,银杏乡,094号305室,2021-08-07 15:29:43
358,普通故障,业务不能使用,FTTB+LAN,四川省,内江市,资中县,玉津镇,031号814室,2021-09-28 15:10:41
359,普通故障,业务不能使用,FTTB+LAN,四川省,南充市,高坪区,观寺乡,042号873室,2021-09-06 03:24:58
360,普通故障,业务使用部分功能出现异常,FTTO,四川省,自贡市,富顺县,碑记镇,092号015室,2021-04-16 09:08:12
361,普通故障,业务使用部分功能出现异常,铜缆接入方式,四川省,乐山市,犍为县,中和镇,078号826室,2021-05-09 12:38:19
362,普通故障,业务使用部分功能出现异常,FTTH光纤接入方式,四川省,达州市,万源市,三锅乡,060号597室,2021-01-18 03:30:40
363,普通故障,其他问题,铜缆接入方式,四川省,达州市,大竹县,大坪乡,038号981室,2021-08-01 06:09:15
364,普通故障,其他问题,FTTO,四川省,宜宾市,筠连县,太乙镇,092号897室,2021-09-06 19:48:42
365,普通故障,业务使用部分功能出现异常,FTTO,四川省,宜宾市,兴文县,柏杨街道,005号458室,2021-04-01 02:32:05
366,普通故障,业务不能使用,FTTB+LAN,四川省,资阳市,乐至县,金牛镇,036号575室,2021-02-08 09:31:15
367,普通故障,其他错误提示,FTTO,四川省,乐山市,犍为县,通仙乡,057号868室,2021-09-20 15:59:14
368,普通故障,其他问题,铜缆接入方式,四川省,自贡市,自流井区,九井乡,016号710室,2021-11-18 17:30:03
369,普通故障,业务不能使用,FTTB+LAN,四川省,凉山彝族自治州,布拖县,麻石镇,091号440室,2021-05-28 23:10:28
370,普通故障,业务使用部分功能出现异常,FTTB+LAN,四川省,巴中市,恩阳区,五津镇,026号151室,2021-01-07 12:46:01
371,普通故障,业务使用部分功能出现异常,FTTB+LAN,四川省,内江市,隆昌县,尧坝镇,059号137室,2021-08-01 14:29:50
372,普通故障,业务不能使用,FTTO,四川省,广元市,昭化区,斯觉镇,002号454室,2021-02-22 04:54:07
373,普通故障,其他错误提示,FTTH光纤接入方式,四川省,眉山市,仁寿县,枣碧乡,038号472室,2021-03-06 21:55:49
374,普通故障,业务使用部分功能出现异常,铜缆接入方式,四川省,遂宁市,船山区,松垭镇,018号780室,2021-06-25 22:16:51
375,普通故障,其他错误提示,FTTB+LAN,四川省,自贡市,贡井区,文升乡,031号844室,2021-07-19 23:28:58
376,普通故障,业务不能使用,铜缆接入方式,四川省,凉山彝族自治州,盐源县,麻石镇,016号892室,2021-11-27 06:28:57
377,普通故障,业务不能使用,FTTB+LAN,四川省,宜宾市,翠屏区,永清镇,011号680室,2021-06-07 05:53:44
378,普通故障,业务使用部分功能出现异常,铜缆接入方式,四川省,雅安市,天全县,联江乡,045号336室,2021-10-23 10:16:47
379,普通故障,业务使用部分功能出现异常,FTTB+LAN,四川省,绵阳市,盐亭县,永安镇,078号283室,2021-09-11 09:17:46
380,普通故障,业务不能使用,FTTH光纤接入方式,四川省,绵阳市,三台县,杨村乡,022号261室,2021-10-31 16:26:01
381,普通故障,其他错误提示,FTTH光纤接入方式,四川省,德阳市,绵竹市,花楼乡,094号776室,2021-03-15 14:41:56
382,普通故障,业务使用部分功能出现异常,FTTH光纤接入方式,四川省,绵阳市,涪城区,长柏乡,096号570室,2021-07-10 04:24:19
383,普通故障,其他错误提示,FTTO,四川省,甘孜藏族自治州,泸定县,舞雩乡,098号912室,2021-05-14 03:59:10
384,普通故障,业务使用部分功能出现异常,FTTO,四川省,巴中市,巴州区,永胜乡,036号165室,2021-06-07 11:57:53
385,普通故障,业务使用部分功能出现异常,FTTO,四川省,甘孜藏族自治州,新龙县,白庙乡,010号144室,2021-07-06 23:51:11
386,普通故障,其他问题,FTTH光纤接入方式,四川省,宜宾市,宜宾县,定水镇,098号799室,2021-12-02 01:43:14
387,普通故障,业务使用部分功能出现异常,FTTO,四川省,巴中市,巴州区,土兴乡,064号320室,2021-06-13 02:09:27
388,普通故障,业务使用部分功能出现异常,FTTO,四川省,南充市,营山县,柳池镇,011号286室,2021-05-03 23:52:18
389,普通故障,其他错误提示,FTTO,四川省,甘孜藏族自治州,巴塘县,先滩镇,048号996室,2021-12-11 10:25:42
390,普通故障,其他错误提示,FTTB+LAN,四川省,南充市,阆中市,旌东街道,086号923室,2021-01-09 03:51:24
391,普通故障,业务不能使用,FTTB+LAN,四川省,绵阳市,三台县,凤仪镇,018号819室,2021-05-27 15:03:22
392,普通故障,业务不能使用,FTTO,四川省,乐山市,夹江县,卫城镇,027号978室,2021-05-04 07:49:36
393,普通故障,业务使用部分功能出现异常,FTTB+LAN,四川省,资阳市,雁江区,长土镇,012号133室,2021-02-26 02:53:08
394,普通故障,业务不能使用,铜缆接入方式,四川省,甘孜藏族自治州,石渠县,古文镇,019号889室,2021-01-30 15:31:07
395,普通故障,其他错误提示,铜缆接入方式,四川省,雅安市,芦山县,可久镇,060号964室,2021-03-19 13:57:16
396,普通故障,其他问题,FTTH光纤接入方式,四川省,宜宾市,兴文县,裕民镇,044号222室,2021-11-10 16:37:43
397,普通故障,其他问题,FTTO,四川省,成都市,彭州市,三贤祠街道,055号007室,2021-10-10 03:38:07
398,普通故障,其他问题,FTTH光纤接入方式,四川省,眉山市,仁寿县,元兴乡,014号030室,2021-12-29 15:35:24
399,普通故障,其他问题,FTTB+LAN,四川省,眉山市,东坡区,白果乡,020号749室,2021-01-11 07:20:45
400,普通故障,其他错误提示,FTTO,四川省,内江市,资中县,水子乡,039号168室,2021-07-10 04:34:43
401,普通故障,业务不能使用,FTTB+LAN,四川省,南充市,南部县,阔达藏族乡,019号216室,2021-06-15 23:50:25
402,普通故障,业务不能使用,铜缆接入方式,四川省,泸州市,叙永县,郭家坳街街道,079号730室,2021-01-13 18:55:40
403,普通故障,业务不能使用,铜缆接入方式,四川省,泸州市,江阳区,锡溪乡,084号191室,2021-07-17 23:09:40
404,普通故障,业务使用部分功能出现异常,FTTB+LAN,四川省,凉山彝族自治州,会东县,苏家湾镇,067号212室,2021-10-11 11:36:04
405,普通故障,业务不能使用,铜缆接入方式,四川省,巴中市,通江县,梨树乡,096号771室,2021-12-26 02:58:54
406,普通故障,其他问题,FTTH光纤接入方式,四川省,凉山彝族自治州,会东县,欧家镇,050号973室,2021-07-23 14:42:27
407,普通故障,业务使用部分功能出现异常,铜缆接入方式,四川省,南充市,蓬安县,磨岩社区街道,039号719室,2021-12-01 06:39:06
408,普通故障,其他错误提示,FTTO,四川省,宜宾市,长宁县,粉壁乡,039号541室,2021-03-09 18:14:58
409,普通故障,业务使用部分功能出现异常,FTTO,四川省,雅安市,芦山县,神坝镇,051号407室,2021-03-10 19:46:32
410,普通故障,其他问题,铜缆接入方式,四川省,乐山市,夹江县,曲谷乡,013号092室,2021-09-22 08:36:52
411,普通故障,业务不能使用,铜缆接入方式,四川省,泸州市,龙马潭区,宝泉乡,017号854室,2021-04-19 18:36:49
412,普通故障,其他错误提示,FTTB+LAN,四川省,绵阳市,涪城区,涪阳镇,041号700室,2021-04-19 17:01:09
413,普通故障,其他错误提示,FTTB+LAN,四川省,绵阳市,涪城区,苏坡街道,073号339室,2021-05-26 16:03:16
414,普通故障,业务使用部分功能出现异常,FTTO,四川省,南充市,南部县,柏家乡,097号001室,2021-10-16 13:20:49
415,普通故障,业务不能使用,FTTB+LAN,四川省,自贡市,大安区,大河镇,004号321室,2021-12-30 11:39:41
416,普通故障,其他错误提示,铜缆接入方式,四川省,巴中市,南江县,丰禾镇,057号735室,2021-05-07 16:26:04
417,普通故障,业务不能使用,FTTB+LAN,四川省,绵阳市,安州区,北山乡,094号221室,2021-06-18 19:24:01
418,普通故障,业务使用部分功能出现异常,铜缆接入方式,四川省,乐山市,夹江县,毛家镇,057号856室,2021-07-10 22:37:09
419,普通故障,业务使用部分功能出现异常,FTTO,四川省,自贡市,贡井区,金台镇,042号259室,2021-10-12 06:41:43
420,普通故障,其他问题,FTTH光纤接入方式,四川省,眉山市,丹棱县,拉克乡,043号973室,2021-12-18 19:01:19
421,普通故障,业务使用部分功能出现异常,FTTH光纤接入方式,四川省,内江市,隆昌县,陵江镇,090号412室,2021-04-22 00:32:05
422,普通故障,其他问题,铜缆接入方式,四川省,资阳市,雁江区,高峰乡,054号592室,2021-08-20 12:55:17
423,普通故障,其他错误提示,铜缆接入方式,四川省,绵阳市,北川羌族自治县,马家坝乡,011号312室,2021-09-19 14:22:57
424,普通故障,其他问题,FTTB+LAN,四川省,自贡市,荣县,莲花池街道,094号025室,2021-11-12 16:12:42
425,普通故障,其他错误提示,FTTB+LAN,四川省,巴中市,南江县,蒲家乡,015号841室,2021-07-02 05:11:02
426,普通故障,业务使用部分功能出现异常,FTTH光纤接入方式,四川省,甘孜藏族自治州,道孚县,琵琶镇,019号215室,2021-01-05 06:39:13
427,普通故障,业务不能使用,FTTH光纤接入方式,四川省,达州市,宣汉县,阿萨乡,068号808室,2021-12-20 00:37:55
428,普通故障,其他错误提示,FTTO,四川省,攀枝花市,盐边县,临江镇,009号385室,2021-12-15 22:16:54
429,普通故障,其他错误提示,FTTB+LAN,四川省,宜宾市,宜宾县,曹碑镇,062号759室,2021-03-18 08:15:25
430,普通故障,业务使用部分功能出现异常,铜缆接入方式,四川省,自贡市,荣县,大两乡,036号542室,2021-03-28 12:35:27
431,普通故障,其他错误提示,FTTH光纤接入方式,四川省,广安市,邻水县,会东镇,091号027室,2021-10-21 08:09:57
432,普通故障,业务使用部分功能出现异常,铜缆接入方式,四川省,达州市,开江县,大兴回族乡,052号086室,2021-06-18 01:23:34
433,普通故障,其他问题,FTTH光纤接入方式,四川省,达州市,开江县,野租乡,060号695室,2021-08-26 01:40:06
434,普通故障,业务使用部分功能出现异常,铜缆接入方式,四川省,自贡市,大安区,赵塘乡,027号615室,2021-02-05 00:30:55
435,普通故障,其他错误提示,FTTB+LAN,四川省,内江市,市中区,治平乡,057号651室,2021-03-19 19:53:12
436,普通故障,业务使用部分功能出现异常,FTTB+LAN,四川省,达州市,通川区,共兴镇,085号957室,2021-05-20 06:57:38
437,普通故障,业务使用部分功能出现异常,FTTB+LAN,四川省,自贡市,自流井区,英萃镇,085号935室,2021-05-27 19:37:44
438,普通故障,其他问题,FTTB+LAN,四川省,阿坝藏族羌族自治州,小金县,草场乡,026号850室,2021-09-06 18:59:10
439,普通故障,业务使用部分功能出现异常,FTTO,四川省,广安市,华蓥市,石岭镇,022号629室,2021-01-28 06:48:07
440,普通故障,其他问题,铜缆接入方式,四川省,德阳市,旌阳区,平桥乡,036号293室,2021-05-03 15:26:39
441,普通故障,其他问题,铜缆接入方式,四川省,遂宁市,安居区,松林镇,029号529室,2021-09-27 03:03:48
442,普通故障,其他问题,FTTO,四川省,达州市,开江县,光雾山镇,079号244室,2021-07-19 18:56:19
443,普通故障,其他错误提示,FTTO,四川省,宜宾市,兴文县,杨家镇,094号294室,2021-07-23 01:11:55
444,普通故障,其他错误提示,FTTO,四川省,甘孜藏族自治州,德格县,罗龙镇,030号492室,2021-07-16 19:21:11
445,普通故障,其他问题,FTTO,四川省,乐山市,夹江县,长兴镇,044号798室,2021-02-19 23:30:45
446,普通故障,业务使用部分功能出现异常,FTTH光纤接入方式,四川省,德阳市,罗江县,城南新区,064号728室,2021-01-21 13:57:42
447,普通故障,业务不能使用,FTTO,四川省,攀枝花市,仁和区,板栗桠乡,008号317室,2021-12-26 11:02:10
448,普通故障,业务不能使用,FTTH光纤接入方式,四川省,成都市,金牛区,圣灯镇,008号079室,2021-09-01 01:53:29
449,普通故障,业务不能使用,FTTH光纤接入方式,四川省,成都市,成华区,若柯河农场,071号088室,2021-05-16 01:38:45
450,普通故障,其他问题,FTTH光纤接入方式,四川省,攀枝花市,东区,新店镇,001号199室,2021-12-16 11:20:51
451,普通故障,业务使用部分功能出现异常,FTTB+LAN,四川省,遂宁市,船山区,何市镇,022号735室,2021-03-16 07:12:17
452,普通故障,其他问题,FTTH光纤接入方式,四川省,乐山市,市中区,东宣乡,043号541室,2021-12-24 16:48:24
453,普通故障,业务不能使用,铜缆接入方式,四川省,南充市,西充县,中心绒乡,096号390室,2021-10-28 13:10:50
454,普通故障,其他问题,FTTO,四川省,南充市,南部县,伍隍镇,062号352室,2021-12-17 20:59:48
455,普通故障,其他错误提示,FTTH光纤接入方式,四川省,达州市,宣汉县,八庙乡,043号080室,2021-08-29 16:10:54
456,普通故障,业务不能使用,FTTH光纤接入方式,四川省,眉山市,东坡区,罐坝乡,036号607室,2021-10-14 22:39:21
457,普通故障,业务使用部分功能出现异常,铜缆接入方式,四川省,宜宾市,长宁县,石桥铺镇,082号135室,2021-04-19 17:14:17
458,普通故障,其他错误提示,FTTH光纤接入方式,四川省,绵阳市,安州区,罗龙镇,028号243室,2021-04-16 18:34:58
459,普通故障,其他问题,铜缆接入方式,四川省,内江市,东兴区,镇子镇,069号036室,2021-05-04 20:40:57
460,普通故障,其他问题,FTTH光纤接入方式,四川省,阿坝藏族羌族自治州,红原县,白合镇,086号457室,2021-03-21 12:26:00
461,普通故障,业务使用部分功能出现异常,FTTH光纤接入方式,四川省,乐山市,市中区,李家镇,070号802室,2021-04-26 12:38:56
462,普通故障,业务使用部分功能出现异常,铜缆接入方式,四川省,南充市,高坪区,联江乡,004号219室,2021-10-05 23:32:53
463,普通故障,业务使用部分功能出现异常,FTTO,四川省,遂宁市,安居区,茸木达乡,018号340室,2021-06-04 17:27:51
464,普通故障,业务不能使用,FTTB+LAN,四川省,资阳市,雁江区,关渡乡,053号515室,2021-06-19 02:54:00
465,普通故障,其他错误提示,铜缆接入方式,四川省,遂宁市,蓬溪县,兴义镇,068号033室,2021-05-17 11:53:54
466,普通故障,其他问题,铜缆接入方式,四川省,内江市,威远县,复盛乡,044号330室,2021-11-30 16:41:08
467,普通故障,其他错误提示,FTTB+LAN,四川省,乐山市,沐川县,狮子山街道,039号585室,2021-03-21 21:52:08
468,普通故障,其他问题,铜缆接入方式,四川省,绵阳市,游仙区,沙河镇,008号216室,2021-12-01 23:14:36
469,普通故障,其他问题,铜缆接入方式,四川省,甘孜藏族自治州,泸定县,天宝乡,041号164室,2021-02-28 20:24:18
470,普通故障,其他错误提示,FTTO,四川省,南充市,西充县,白鹤滩镇,014号259室,2021-02-05 03:45:46
471,普通故障,业务使用部分功能出现异常,FTTO,四川省,雅安市,荥经县,东坝街道,063号827室,2021-02-09 03:50:20
472,普通故障,业务不能使用,FTTB+LAN,四川省,自贡市,自流井区,农旺乡,065号483室,2021-02-01 04:04:45
473,普通故障,其他错误提示,FTTH光纤接入方式,四川省,达州市,通川区,陈家岭社区街道,021号663室,2021-11-18 22:12:51
474,普通故障,业务使用部分功能出现异常,FTTH光纤接入方式,四川省,雅安市,芦山县,黄荆乡,053号275室,2021-06-17 06:35:06
475,普通故障,其他错误提示,铜缆接入方式,四川省,达州市,渠县,镇西镇,038号612室,2021-05-02 22:01:01
476,普通故障,业务使用部分功能出现异常,FTTH光纤接入方式,四川省,自贡市,贡井区,彭庙镇,010号420室,2021-06-23 03:46:39
477,普通故障,其他问题,FTTH光纤接入方式,四川省,德阳市,罗江县,火峰乡,013号980室,2021-04-13 06:10:25
478,普通故障,其他错误提示,FTTO,四川省,遂宁市,射洪县,花萼乡,025号693室,2021-09-14 09:03:51
479,普通故障,其他问题,FTTO,四川省,达州市,通川区,永丰乡,100号668室,2021-05-07 10:54:31
480,普通故障,其他问题,FTTB+LAN,四川省,巴中市,恩阳区,石海镇,058号370室,2021-04-22 18:12:59
481,普通故障,其他错误提示,FTTB+LAN,四川省,巴中市,南江县,朱镇乡,036号726室,2021-03-02 03:36:47
482,普通故障,业务使用部分功能出现异常,FTTH光纤接入方式,四川省,绵阳市,安州区,柳池乡,076号551室,2021-10-31 07:29:48
483,普通故障,其他问题,铜缆接入方式,四川省,眉山市,彭山区,春江乡,058号181室,2021-10-01 06:22:06
484,普通故障,业务不能使用,铜缆接入方式,四川省,绵阳市,安州区,金坪镇,080号137室,2021-10-07 11:52:57
485,普通故障,其他错误提示,铜缆接入方式,四川省,雅安市,宝兴县,草堂街道,071号022室,2021-10-02 15:23:53
486,普通故障,其他问题,FTTH光纤接入方式,四川省,阿坝藏族羌族自治州,松潘县,西河乡,082号580室,2021-03-18 02:25:41
487,普通故障,业务不能使用,FTTO,四川省,凉山彝族自治州,雷波县,小垭乡,076号943室,2021-10-09 05:55:57
488,普通故障,业务使用部分功能出现异常,FTTB+LAN,四川省,南充市,嘉陵区,桂花乡,088号690室,2021-02-23 04:14:25
489,普通故障,业务使用部分功能出现异常,FTTB+LAN,四川省,遂宁市,大英县,玉台镇,088号693室,2021-02-21 18:27:04
490,普通故障,业务不能使用,FTTH光纤接入方式,四川省,巴中市,通江县,新山傈僳族乡,067号216室,2021-03-27 19:35:35
491,普通故障,其他问题,FTTH光纤接入方式,四川省,乐山市,峨眉山市,金鹤乡,089号284室,2021-11-23 23:46:05
492,普通故障,其他错误提示,铜缆接入方式,四川省,绵阳市,梓潼县,顺河乡,100号365室,2021-02-19 10:54:17
493,普通故障,其他错误提示,FTTH光纤接入方式,四川省,泸州市,龙马潭区,古桥街道,008号905室,2021-01-28 13:05:14
494,普通故障,其他错误提示,FTTH光纤接入方式,四川省,雅安市,雨城区,复盛乡,100号936室,2021-03-24 04:36:06
495,普通故障,其他错误提示,铜缆接入方式,四川省,宜宾市,筠连县,分全乡,033号851室,2021-03-22 02:09:51
496,普通故障,业务不能使用,FTTO,四川省,眉山市,彭山区,山江乡,042号776室,2021-06-06 05:10:15
497,普通故障,其他问题,铜缆接入方式,四川省,攀枝花市,仁和区,新盛乡,086号755室,2021-01-16 15:55:04
498,普通故障,其他错误提示,FTTO,四川省,德阳市,旌阳区,长滩镇,050号464室,2021-10-02 02:25:37
499,普通故障,其他问题,FTTH光纤接入方式,四川省,攀枝花市,仁和区,旌阳街道,012号883室,2021-11-02 03:49:58
500,普通故障,其他错误提示,铜缆接入方式,四川省,南充市,高坪区,千秋乡,070号901室,2021-08-20 09:53:54
501,普通故障,业务不能使用,FTTO,四川省,眉山市,仁寿县,张家乡,071号566室,2021-09-02 00:35:22
502,普通故障,业务使用部分功能出现异常,FTTH光纤接入方式,四川省,达州市,开江县,方加镇,002号334室,2021-07-06 03:46:43
503,普通故障,其他错误提示,FTTB+LAN,四川省,攀枝花市,东区,茶盘乡,065号078室,2021-08-11 22:35:45
504,普通故障,业务不能使用,FTTH光纤接入方式,四川省,南充市,仪陇县,火炬镇,010号534室,2021-07-26 08:49:39
505,普通故障,业务使用部分功能出现异常,铜缆接入方式,四川省,宜宾市,翠屏区,浪珠乡,057号192室,2021-07-14 13:03:15
506,普通故障,业务使用部分功能出现异常,铜缆接入方式,四川省,凉山彝族自治州,喜德县,大成镇,091号997室,2021-02-27 13:33:45
507,普通故障,业务不能使用,FTTO,四川省,甘孜藏族自治州,炉霍县,安阜街道,062号709室,2021-03-11 06:11:45
508,普通故障,业务使用部分功能出现异常,铜缆接入方式,四川省,自贡市,荣县,永东乡,007号558室,2021-05-02 02:07:18
509,普通故障,业务使用部分功能出现异常,FTTH光纤接入方式,四川省,凉山彝族自治州,昭觉县,六铁乡,085号890室,2021-05-27 11:54:40
510,普通故障,其他错误提示,铜缆接入方式,四川省,遂宁市,大英县,龙坪街道,073号027室,2021-05-18 09:54:16
511,普通故障,其他问题,FTTH光纤接入方式,四川省,自贡市,沿滩区,观化乡,082号215室,2021-01-07 13:07:52
512,普通故障,业务使用部分功能出现异常,铜缆接入方式,四川省,甘孜藏族自治州,炉霍县,良安镇,062号913室,2021-10-09 01:31:28
513,普通故障,其他问题,FTTB+LAN,四川省,广安市,武胜县,梅硐镇,002号224室,2021-08-21 16:09:56
514,普通故障,其他问题,FTTB+LAN,四川省,宜宾市,长宁县,雄狮乡,056号813室,2021-06-05 00:14:27
515,普通故障,其他问题,FTTO,四川省,自贡市,大安区,新都镇,057号048室,2021-03-06 13:29:55
516,普通故障,业务不能使用,FTTB+LAN,四川省,甘孜藏族自治州,雅江县,仙峰苗族乡,045号314室,2021-04-12 15:45:01
517,普通故障,业务使用部分功能出现异常,FTTH光纤接入方式,四川省,阿坝藏族羌族自治州,茂县,兴隆乡,033号149室,2021-03-22 19:53:43
518,普通故障,其他问题,FTTO,四川省,遂宁市,安居区,石子镇,069号062室,2021-10-14 23:44:36
519,普通故障,业务不能使用,铜缆接入方式,四川省,绵阳市,安州区,?王山镇,009号355室,2021-07-16 03:37:43
520,普通故障,业务使用部分功能出现异常,FTTB+LAN,四川省,自贡市,荣县,石龙乡,025号282室,2021-11-01 11:51:28
521,普通故障,业务不能使用,FTTB+LAN,四川省,乐山市,沙湾区,三河场镇,013号595室,2021-09-18 19:15:18
522,普通故障,业务不能使用,FTTO,四川省,凉山彝族自治州,会理县,长赤镇,079号784室,2021-03-15 01:59:40
523,普通故障,其他错误提示,FTTH光纤接入方式,四川省,内江市,市中区,大坡蒙古族乡,018号068室,2021-03-07 17:38:42
524,普通故障,其他问题,铜缆接入方式,四川省,宜宾市,高县,下八庙镇,096号863室,2021-04-25 03:37:12
525,普通故障,其他问题,铜缆接入方式,四川省,眉山市,东坡区,元坝镇,077号654室,2021-05-18 02:52:32
526,普通故障,其他错误提示,FTTB+LAN,四川省,泸州市,合江县,镇江寺街道,069号051室,2021-11-08 17:06:52
527,普通故障,业务使用部分功能出现异常,FTTB+LAN,四川省,绵阳市,安州区,子耳彝族乡,019号781室,2021-12-14 23:56:25
528,普通故障,业务不能使用,FTTH光纤接入方式,四川省,甘孜藏族自治州,白玉县,白乌镇,044号280室,2021-01-24 12:30:13
529,普通故障,业务使用部分功能出现异常,FTTO,四川省,成都市,新津县,中农镇,016号670室,2021-05-18 17:48:16
530,普通故障,其他问题,FTTB+LAN,四川省,南充市,蓬安县,悦来乡,017号222室,2021-11-11 07:45:27
531,普通故障,业务使用部分功能出现异常,铜缆接入方式,四川省,攀枝花市,西区,清平彝族乡,046号624室,2021-03-12 10:25:49
532,普通故障,其他问题,FTTO,四川省,巴中市,南江县,留宾乡,041号422室,2021-11-23 10:01:03
533,普通故障,其他错误提示,FTTO,四川省,乐山市,夹江县,全福镇,006号484室,2021-08-03 20:27:21
534,普通故障,其他错误提示,FTTH光纤接入方式,四川省,内江市,威远县,汉阳镇,001号307室,2021-11-17 13:18:04
535,普通故障,其他问题,FTTO,四川省,泸州市,泸县,三岔河乡,035号883室,2021-03-02 01:22:44
536,普通故障,业务不能使用,FTTO,四川省,巴中市,通江县,双才镇,067号399室,2021-08-21 01:48:38
537,普通故障,业务使用部分功能出现异常,铜缆接入方式,四川省,德阳市,中江县,米龙乡,074号734室,2021-06-15 15:45:53
538,普通故障,其他错误提示,FTTH光纤接入方式,四川省,遂宁市,安居区,天池镇,018号492室,2021-12-17 12:08:51
539,普通故障,其他错误提示,铜缆接入方式,四川省,广安市,武胜县,安昌镇,003号801室,2021-03-03 16:32:30
540,普通故障,业务使用部分功能出现异常,FTTO,四川省,巴中市,通江县,陈家乡,060号542室,2021-11-17 02:48:21
541,普通故障,其他错误提示,FTTB+LAN,四川省,南充市,嘉陵区,尹家镇,077号817室,2021-07-16 18:58:54
542,普通故障,其他错误提示,FTTO,四川省,泸州市,江阳区,北极乡,037号262室,2021-05-02 13:33:15
543,普通故障,业务不能使用,FTTB+LAN,四川省,眉山市,青神县,江南镇,081号671室,2021-04-19 18:04:43
544,普通故障,其他问题,铜缆接入方式,四川省,阿坝藏族羌族自治州,若尔盖县,刷经寺镇,091号732室,2021-08-17 23:07:22
545,普通故障,业务使用部分功能出现异常,FTTO,四川省,达州市,大竹县,有庆镇,031号360室,2021-11-11 00:31:53
546,普通故障,其他问题,FTTO,四川省,遂宁市,大英县,沙溪街道,025号751室,2021-06-28 06:24:37
547,普通故障,其他问题,铜缆接入方式,四川省,绵阳市,游仙区,新观乡,037号590室,2021-02-24 16:12:45
548,普通故障,其他问题,FTTB+LAN,四川省,雅安市,汉源县,石海镇,019号381室,2021-11-12 18:45:32
549,普通故障,业务不能使用,FTTO,四川省,达州市,万源市,地巫乡,100号055室,2021-06-27 14:33:54
550,普通故障,其他问题,铜缆接入方式,四川省,达州市,大竹县,诺水河镇,093号504室,2021-09-18 05:20:25
551,普通故障,业务不能使用,FTTH光纤接入方式,四川省,雅安市,雨城区,太平乡,036号416室,2021-09-26 07:33:12
552,普通故障,其他错误提示,FTTH光纤接入方式,四川省,绵阳市,北川羌族自治县,跑马乡,037号658室,2021-06-09 21:13:30
553,普通故障,业务不能使用,FTTO,四川省,凉山彝族自治州,甘洛县,中和镇,054号844室,2021-08-04 20:18:31
554,普通故障,其他问题,FTTB+LAN,四川省,南充市,阆中市,沙溪街道,038号560室,2021-08-23 23:52:41
555,普通故障,业务使用部分功能出现异常,FTTH光纤接入方式,四川省,自贡市,自流井区,刘营镇,089号308室,2021-10-26 14:56:32
556,普通故障,其他错误提示,铜缆接入方式,四川省,宜宾市,江安县,大同乡,062号426室,2021-04-22 10:32:39
557,普通故障,其他错误提示,FTTB+LAN,四川省,自贡市,荣县,农兴乡,045号179室,2021-04-30 12:51:04
558,普通故障,业务不能使用,FTTO,四川省,乐山市,沙湾区,岳新乡,081号176室,2021-01-09 00:26:54
559,普通故障,其他错误提示,FTTH光纤接入方式,四川省,巴中市,平昌县,铁柳乡,037号242室,2021-11-24 20:26:31
560,普通故障,业务不能使用,FTTH光纤接入方式,四川省,凉山彝族自治州,冕宁县,双店乡,094号844室,2021-03-09 12:18:44
561,普通故障,业务使用部分功能出现异常,FTTO,四川省,阿坝藏族羌族自治州,茂县,八庙乡,001号491室,2021-06-27 02:03:14
562,普通故障,其他错误提示,铜缆接入方式,四川省,成都市,青羊区,吉安镇,020号939室,2021-03-13 20:05:18
563,普通故障,业务使用部分功能出现异常,铜缆接入方式,四川省,攀枝花市,东区,蜂桶乡,054号650室,2021-09-23 15:57:14
564,普通故障,业务使用部分功能出现异常,铜缆接入方式,四川省,阿坝藏族羌族自治州,茂县,童家镇,014号672室,2021-01-16 19:03:44
565,普通故障,其他错误提示,铜缆接入方式,四川省,眉山市,青神县,草场乡,059号595室,2021-11-23 22:24:06
566,普通故障,业务使用部分功能出现异常,铜缆接入方式,四川省,乐山市,沙湾区,迎江乡,051号017室,2021-08-05 02:16:41
567,普通故障,业务不能使用,FTTH光纤接入方式,四川省,资阳市,乐至县,吉祥镇,001号637室,2021-09-25 01:43:32
568,普通故障,其他问题,铜缆接入方式,四川省,资阳市,安岳县,仁和镇,014号501室,2021-03-13 03:37:22
569,普通故障,业务不能使用,FTTO,四川省,宜宾市,长宁县,沙岱乡,062号113室,2021-07-18 19:37:28
570,普通故障,其他问题,FTTB+LAN,四川省,资阳市,安岳县,河门口街道,079号135室,2021-09-19 03:17:31
571,普通故障,业务使用部分功能出现异常,FTTB+LAN,四川省,资阳市,雁江区,华封镇,022号940室,2021-04-15 15:18:59
572,普通故障,业务不能使用,FTTH光纤接入方式,四川省,自贡市,沿滩区,龙桥乡,023号288室,2021-04-30 20:48:19
573,普通故障,业务不能使用,FTTH光纤接入方式,四川省,广元市,苍溪县,支尔莫乡,046号592室,2021-08-30 02:36:58
574,普通故障,其他错误提示,FTTH光纤接入方式,四川省,广元市,昭化区,永兴镇,073号913室,2021-11-21 08:07:37
575,普通故障,其他问题,FTTH光纤接入方式,四川省,乐山市,峨眉山市,顺河乡,017号575室,2021-07-20 10:43:11
576,普通故障,业务不能使用,FTTB+LAN,四川省,巴中市,巴州区,荣边镇,026号502室,2021-10-19 19:16:02
577,普通故障,其他问题,FTTH光纤接入方式,四川省,雅安市,雨城区,新店乡,073号802室,2021-06-13 22:44:22
578,普通故障,其他错误提示,FTTH光纤接入方式,四川省,内江市,隆昌县,壤柯镇,005号305室,2021-04-06 02:26:22
579,普通故障,业务使用部分功能出现异常,铜缆接入方式,四川省,眉山市,彭山区,盖租乡,011号391室,2021-08-08 05:42:09
580,普通故障,业务使用部分功能出现异常,FTTB+LAN,四川省,成都市,都江堰市,古井镇,030号674室,2021-04-28 07:50:25
581,普通故障,业务不能使用,FTTH光纤接入方式,四川省,阿坝藏族羌族自治州,汶川县,识经乡,023号329室,2021-02-08 09:15:20
582,普通故障,其他错误提示,铜缆接入方式,四川省,宜宾市,南溪区,沙河源街道,032号793室,2021-08-28 15:47:14
583,普通故障,业务使用部分功能出现异常,FTTB+LAN,四川省,泸州市,合江县,硐底镇,073号187室,2021-01-25 21:09:56
584,普通故障,其他错误提示,FTTO,四川省,达州市,达川区,八角井镇,044号208室,2021-06-10 06:32:35
585,普通故障,业务不能使用,FTTB+LAN,四川省,绵阳市,梓潼县,武德乡,079号652室,2021-11-11 18:45:10
586,普通故障,其他问题,铜缆接入方式,四川省,泸州市,龙马潭区,八渡乡,075号590室,2021-09-23 19:10:10
587,普通故障,其他问题,FTTB+LAN,四川省,南充市,仪陇县,四棵乡,081号541室,2021-10-30 05:39:09
588,普通故障,其他问题,铜缆接入方式,四川省,达州市,宣汉县,水口镇,033号334室,2021-09-26 21:58:47
589,普通故障,其他错误提示,FTTO,四川省,泸州市,江阳区,曾家乡,042号871室,2021-10-03 05:36:39
590,普通故障,业务不能使用,FTTO,四川省,眉山市,洪雅县,茶坝乡,078号809室,2021-02-23 02:22:47
591,普通故障,业务使用部分功能出现异常,FTTB+LAN,四川省,攀枝花市,西区,高坪苗族乡,053号663室,2021-12-29 13:36:34
592,普通故障,业务使用部分功能出现异常,FTTB+LAN,四川省,宜宾市,宜宾县,拱桥乡,073号336室,2021-01-05 22:06:30
593,普通故障,其他问题,铜缆接入方式,四川省,宜宾市,兴文县,上里镇,015号043室,2021-07-13 09:40:58
594,普通故障,其他错误提示,FTTH光纤接入方式,四川省,雅安市,荥经县,黑龙滩镇,026号021室,2021-07-04 16:17:06
595,普通故障,其他问题,铜缆接入方式,四川省,内江市,资中县,通天乡,048号622室,2021-01-30 12:05:52
596,普通故障,其他问题,FTTO,四川省,遂宁市,射洪县,龙门镇,081号849室,2021-09-27 08:27:11
597,普通故障,业务使用部分功能出现异常,铜缆接入方式,四川省,凉山彝族自治州,布拖县,乌木镇,098号965室,2021-03-05 00:58:52
598,普通故障,业务不能使用,FTTH光纤接入方式,四川省,成都市,锦江区,恩阳镇,044号113室,2021-11-15 19:11:14
599,普通故障,其他问题,FTTO,四川省,南充市,营山县,水口镇,097号142室,2021-04-23 02:14:00
600,普通故障,其他错误提示,FTTH光纤接入方式,四川省,内江市,威远县,清仁乡,070号893室,2021-03-12 14:46:59
601,普通故障,业务不能使用,FTTH光纤接入方式,四川省,资阳市,雁江区,邓双镇,035号074室,2021-12-12 04:55:10
602,普通故障,其他错误提示,FTTO,四川省,绵阳市,盐亭县,临溪乡,089号931室,2021-06-12 21:16:19
603,普通故障,其他问题,FTTO,四川省,凉山彝族自治州,雷波县,文峰乡,074号170室,2021-10-29 05:00:17
604,普通故障,业务不能使用,FTTO,四川省,自贡市,沿滩区,三贤祠街道,055号882室,2021-03-14 17:31:51
605,普通故障,业务使用部分功能出现异常,铜缆接入方式,四川省,内江市,东兴区,柳池乡,099号685室,2021-07-09 23:20:49
606,普通故障,其他错误提示,FTTB+LAN,四川省,阿坝藏族羌族自治州,红原县,茶坝乡,064号420室,2021-08-25 05:04:54
607,普通故障,业务使用部分功能出现异常,FTTH光纤接入方式,四川省,泸州市,纳溪区,富林镇,013号402室,2021-03-10 05:28:01
608,普通故障,业务不能使用,铜缆接入方式,四川省,绵阳市,北川羌族自治县,盐溪乡,082号283室,2021-09-18 04:00:10
609,普通故障,业务使用部分功能出现异常,铜缆接入方式,四川省,成都市,都江堰市,西林街道,095号504室,2021-03-20 20:57:53
610,普通故障,其他错误提示,FTTO,四川省,南充市,蓬安县,大河镇,001号560室,2021-05-06 19:28:46
611,普通故障,其他问题,FTTO,四川省,南充市,顺庆区,南薰乡,089号466室,2021-08-27 04:17:13
612,普通故障,业务使用部分功能出现异常,FTTO,四川省,遂宁市,射洪县,邱家镇,010号300室,2021-03-10 16:48:04
613,普通故障,其他错误提示,FTTB+LAN,四川省,泸州市,江阳区,双谊乡,037号899室,2021-12-13 21:38:03
614,普通故障,业务不能使用,FTTH光纤接入方式,四川省,自贡市,贡井区,三溪乡,075号758室,2021-08-16 20:39:21
615,普通故障,业务不能使用,FTTH光纤接入方式,四川省,宜宾市,筠连县,板桥口乡,031号224室,2021-11-12 15:17:35
616,普通故障,其他问题,FTTO,四川省,南充市,蓬安县,?王山镇,095号844室,2021-07-25 16:34:05
617,普通故障,其他问题,铜缆接入方式,四川省,乐山市,市中区,登科街道,069号361室,2021-07-31 22:45:45
618,普通故障,其他问题,FTTH光纤接入方式,四川省,广安市,武胜县,小院镇,017号566室,2021-05-30 09:25:20
619,普通故障,业务不能使用,FTTH光纤接入方式,四川省,南充市,顺庆区,红岩乡,070号506室,2021-01-10 21:17:41
620,普通故障,其他问题,FTTO,四川省,绵阳市,平武县,富顺乡,024号691室,2021-07-07 22:44:42
621,普通故障,业务使用部分功能出现异常,FTTB+LAN,四川省,内江市,东兴区,农旺乡,090号576室,2021-09-29 05:05:07
622,普通故障,其他错误提示,铜缆接入方式,四川省,资阳市,雁江区,大榆镇,054号332室,2021-06-24 10:15:42
623,普通故障,业务使用部分功能出现异常,FTTO,四川省,南充市,营山县,凤陵乡,031号179室,2021-11-19 13:23:10
624,普通故障,其他错误提示,铜缆接入方式,四川省,巴中市,南江县,恩阳镇,024号494室,2021-01-02 12:28:59
625,普通故障,业务不能使用,FTTH光纤接入方式,四川省,泸州市,龙马潭区,石子镇,029号410室,2021-09-19 15:57:12
626,普通故障,业务使用部分功能出现异常,FTTB+LAN,四川省,资阳市,安岳县,大宝鼎街道,025号323室,2021-06-08 19:20:01
627,普通故障,其他错误提示,铜缆接入方式,四川省,资阳市,乐至县,高桥乡,077号879室,2021-01-02 22:43:40
628,普通故障,业务不能使用,FTTB+LAN,四川省,德阳市,绵竹市,四川大堰劳动教养管理所,077号302室,2021-10-22 02:33:23
629,普通故障,其他错误提示,FTTO,四川省,广元市,苍溪县,陈古镇,057号248室,2021-12-22 05:34:28
630,普通故障,其他问题,FTTH光纤接入方式,四川省,内江市,资中县,商州镇,044号743室,2021-05-11 14:31:07
631,普通故障,其他问题,FTTO,四川省,凉山彝族自治州,喜德县,普马乡,091号604室,2021-10-26 08:38:22
632,普通故障,其他错误提示,FTTB+LAN,四川省,成都市,新都区,小银木乡,094号936室,2021-02-23 22:47:22
633,普通故障,业务不能使用,铜缆接入方式,四川省,广元市,剑阁县,青松街道,018号213室,2021-10-14 22:00:10
634,普通故障,其他错误提示,FTTO,四川省,广安市,广安区,狮子镇,010号023室,2021-06-03 22:05:52
635,普通故障,其他问题,FTTB+LAN,四川省,广元市,利州区,魏家乡,061号558室,2021-06-13 23:44:13
636,普通故障,其他问题,FTTH光纤接入方式,四川省,广元市,朝天区,柳江街道,070号715室,2021-08-03 04:20:19
637,普通故障,其他问题,FTTO,四川省,广元市,朝天区,千佛乡,094号506室,2021-05-24 05:05:33
638,普通故障,业务不能使用,FTTH光纤接入方式,四川省,南充市,阆中市,三板乡,080号953室,2021-10-22 20:56:26
639,普通故障,业务不能使用,FTTO,四川省,南充市,蓬安县,三贤祠街道,015号660室,2021-01-21 22:01:29
640,普通故障,其他错误提示,铜缆接入方式,四川省,内江市,市中区,西高镇,097号977室,2021-01-26 05:07:43
641,普通故障,业务使用部分功能出现异常,铜缆接入方式,四川省,广元市,青川县,沙坝乡,021号073室,2021-07-31 10:19:44
642,普通故障,其他错误提示,铜缆接入方式,四川省,广安市,武胜县,骆市镇,053号410室,2021-01-07 14:32:04
643,普通故障,业务使用部分功能出现异常,铜缆接入方式,四川省,广安市,华蓥市,龙桥乡,090号625室,2021-05-07 01:24:22
644,普通故障,业务使用部分功能出现异常,FTTO,四川省,绵阳市,平武县,乐坝镇,009号029室,2021-11-17 15:43:21
645,普通故障,其他问题,FTTH光纤接入方式,四川省,广元市,青川县,晏场镇,037号211室,2021-03-05 10:21:20
646,普通故障,其他问题,FTTO,四川省,南充市,嘉陵区,禹里乡,065号275室,2021-12-21 20:03:24
647,普通故障,业务不能使用,FTTO,四川省,内江市,东兴区,天彭镇,081号010室,2021-07-10 11:00:05
648,普通故障,其他问题,FTTO,四川省,乐山市,沐川县,李馥乡,008号295室,2021-02-13 13:04:25
649,普通故障,业务使用部分功能出现异常,铜缆接入方式,四川省,德阳市,什邡市,焦滩乡,025号073室,2021-05-14 12:22:45
650,普通故障,业务不能使用,FTTO,四川省,攀枝花市,盐边县,石寨乡,002号515室,2021-08-31 04:14:43
651,普通故障,其他问题,FTTH光纤接入方式,四川省,成都市,崇州市,三多寨镇,077号956室,2021-12-15 11:11:25
652,普通故障,业务使用部分功能出现异常,铜缆接入方式,四川省,宜宾市,珙县,板桥乡,096号339室,2021-12-04 11:55:55
653,普通故障,业务使用部分功能出现异常,FTTB+LAN,四川省,甘孜藏族自治州,炉霍县,小院镇,044号214室,2021-10-31 06:27:55
654,普通故障,业务不能使用,FTTO,四川省,德阳市,绵竹市,包座乡,012号861室,2021-09-01 23:24:04
655,普通故障,业务不能使用,铜缆接入方式,四川省,凉山彝族自治州,盐源县,合面镇,084号670室,2021-08-27 14:48:12
656,普通故障,业务使用部分功能出现异常,FTTB+LAN,四川省,资阳市,雁江区,桐子林镇,036号827室,2021-10-23 23:17:45
657,普通故障,其他错误提示,FTTO,四川省,乐山市,井研县,石鼓乡,048号704室,2021-05-17 15:22:06
658,普通故障,其他错误提示,FTTB+LAN,四川省,德阳市,旌阳区,东峰镇,019号758室,2021-08-26 16:03:25
659,普通故障,业务使用部分功能出现异常,FTTB+LAN,四川省,绵阳市,江油市,杨坝镇,056号024室,2021-08-09 15:55:18
660,普通故障,其他问题,FTTH光纤接入方式,四川省,广元市,旺苍县,石门乡,096号310室,2021-03-30 16:48:32
661,普通故障,其他错误提示,FTTB+LAN,四川省,凉山彝族自治州,布拖县,石鼓乡,083号293室,2021-09-09 21:03:38
662,普通故障,其他错误提示,FTTO,四川省,巴中市,平昌县,拔妙乡,006号494室,2021-12-11 11:20:49
663,普通故障,其他问题,铜缆接入方式,四川省,广安市,邻水县,万家乡,045号926室,2021-07-28 04:26:28
664,普通故障,业务不能使用,铜缆接入方式,四川省,德阳市,旌阳区,人和乡,004号840室,2021-01-01 01:56:49
665,普通故障,其他问题,铜缆接入方式,四川省,南充市,南部县,丰产乡,012号279室,2021-07-04 14:17:18
666,普通故障,其他问题,FTTO,四川省,广元市,朝天区,红光乡,064号312室,2021-12-06 05:09:46
667,普通故障,业务不能使用,FTTB+LAN,四川省,阿坝藏族羌族自治州,九寨沟县,始建镇,098号179室,2021-05-08 09:00:57
668,普通故障,业务使用部分功能出现异常,FTTO,四川省,德阳市,广汉市,三坝乡,007号164室,2021-10-21 04:59:27
669,普通故障,业务不能使用,FTTB+LAN,四川省,成都市,蒲江县,隆兴乡,033号015室,2021-09-20 18:34:14
670,普通故障,业务不能使用,FTTB+LAN,四川省,凉山彝族自治州,德昌县,撒莲镇,088号318室,2021-01-22 13:43:29
671,普通故障,其他问题,FTTH光纤接入方式,四川省,乐山市,金口河区,云峰乡,073号440室,2021-01-03 04:20:54
672,普通故障,业务不能使用,FTTO,四川省,阿坝藏族羌族自治州,汶川县,虹桥乡,002号608室,2021-09-22 04:55:50
673,普通故障,业务不能使用,FTTO,四川省,凉山彝族自治州,德昌县,三墩土家族乡,054号680室,2021-10-06 23:22:03
674,普通故障,其他错误提示,铜缆接入方式,四川省,南充市,嘉陵区,下东乡,089号115室,2021-10-01 01:20:01
675,普通故障,业务使用部分功能出现异常,FTTH光纤接入方式,四川省,阿坝藏族羌族自治州,金川县,罗汉镇,062号208室,2021-06-12 03:35:05
676,普通故障,其他问题,FTTH光纤接入方式,四川省,德阳市,广汉市,大沙乡,021号730室,2021-03-16 06:14:44
677,普通故障,业务不能使用,铜缆接入方式,四川省,德阳市,什邡市,三锅乡,046号250室,2021-05-09 02:06:41
678,普通故障,其他错误提示,铜缆接入方式,四川省,德阳市,绵竹市,长安乡,022号513室,2021-07-22 13:57:32
679,普通故障,业务不能使用,铜缆接入方式,四川省,德阳市,绵竹市,永青乡,011号706室,2021-02-13 02:52:37
680,普通故障,其他问题,铜缆接入方式,四川省,遂宁市,射洪县,中农镇,057号659室,2021-01-28 23:00:44
681,普通故障,其他错误提示,FTTB+LAN,四川省,巴中市,恩阳区,研经镇,045号733室,2021-06-02 22:34:32
682,普通故障,其他错误提示,铜缆接入方式,四川省,甘孜藏族自治州,石渠县,赤化镇,007号145室,2021-02-15 04:40:43
683,普通故障,其他问题,铜缆接入方式,四川省,巴中市,平昌县,施家堡乡,072号376室,2021-06-25 23:50:23
684,普通故障,其他问题,铜缆接入方式,四川省,凉山彝族自治州,会东县,板桥口乡,098号193室,2021-09-26 03:06:57
685,普通故障,其他错误提示,铜缆接入方式,四川省,雅安市,汉源县,龙溪乡,038号399室,2021-09-26 10:17:30
686,普通故障,其他错误提示,铜缆接入方式,四川省,南充市,营山县,石门乡,087号324室,2021-07-25 20:37:56
687,普通故障,其他错误提示,FTTB+LAN,四川省,泸州市,龙马潭区,王家镇,023号388室,2021-02-15 06:47:22
688,普通故障,业务不能使用,FTTO,四川省,成都市,郫县,海田乡,062号288室,2021-10-22 14:06:38
689,普通故障,其他问题,FTTO,四川省,绵阳市,三台县,太平镇,097号580室,2021-07-26 10:00:53
690,普通故障,其他问题,FTTO,四川省,绵阳市,盐亭县,莫多乡,085号162室,2021-11-28 06:54:14
691,普通故障,其他错误提示,FTTH光纤接入方式,四川省,巴中市,巴州区,博树回族乡,042号823室,2021-08-13 00:41:02
692,普通故障,业务不能使用,铜缆接入方式,四川省,德阳市,绵竹市,?王山镇,025号512室,2021-10-27 02:36:00
693,普通故障,其他错误提示,铜缆接入方式,四川省,阿坝藏族羌族自治州,黑水县,中子镇,088号891室,2021-10-14 17:30:37
694,普通故障,业务使用部分功能出现异常,FTTH光纤接入方式,四川省,巴中市,南江县,三江镇,092号938室,2021-12-23 10:03:55
695,普通故障,业务使用部分功能出现异常,FTTO,四川省,乐山市,峨边彝族自治县,黄土镇,015号825室,2021-02-17 19:26:17
696,普通故障,业务不能使用,FTTH光纤接入方式,四川省,广元市,朝天区,成佳镇,041号988室,2021-02-24 19:43:45
697,普通故障,其他问题,铜缆接入方式,四川省,南充市,阆中市,南津路街道,009号414室,2021-12-15 02:18:20
698,普通故障,业务不能使用,FTTB+LAN,四川省,泸州市,江阳区,沉抗镇,063号513室,2021-07-02 11:40:37
699,普通故障,业务不能使用,FTTO,四川省,资阳市,安岳县,大榆镇,018号300室,2021-03-31 16:54:02
700,普通故障,其他错误提示,FTTB+LAN,四川省,甘孜藏族自治州,白玉县,湾丘彝族乡,041号014室,2021-09-27 01:20:32
701,普通故障,业务使用部分功能出现异常,FTTO,四川省,巴中市,巴州区,白果乡,027号780室,2021-11-25 08:56:09
702,普通故障,业务不能使用,FTTH光纤接入方式,四川省,凉山彝族自治州,甘洛县,忠兴镇,079号293室,2021-06-13 14:24:13
703,普通故障,其他错误提示,FTTO,四川省,广安市,前锋区,周坡镇,054号819室,2021-11-28 01:35:54
704,普通故障,其他错误提示,FTTH光纤接入方式,四川省,绵阳市,涪城区,狮子山街道,090号705室,2021-05-04 21:22:56
705,普通故障,业务使用部分功能出现异常,FTTO,四川省,南充市,嘉陵区,碾垭乡,016号123室,2021-02-19 18:52:02
706,普通故障,其他错误提示,FTTO,四川省,资阳市,安岳县,芝苞乡,050号139室,2021-07-13 02:40:09
707,普通故障,业务使用部分功能出现异常,FTTO,四川省,自贡市,贡井区,麦洼乡,005号875室,2021-01-22 11:27:36
708,普通故障,其他错误提示,FTTB+LAN,四川省,乐山市,市中区,宋家乡,071号971室,2021-06-28 01:29:42
709,普通故障,业务不能使用,FTTB+LAN,四川省,南充市,营山县,双盘乡,084号222室,2021-05-24 03:57:07
710,普通故障,业务不能使用,FTTB+LAN,四川省,资阳市,安岳县,大石乡,077号114室,2021-12-01 22:56:07
711,普通故障,业务不能使用,FTTB+LAN,四川省,绵阳市,安州区,金鹤乡,028号727室,2021-08-13 15:55:51
712,普通故障,其他错误提示,FTTB+LAN,四川省,雅安市,雨城区,敬元乡,044号869室,2021-06-13 05:07:59
713,普通故障,业务使用部分功能出现异常,FTTB+LAN,四川省,宜宾市,屏山县,石鼓乡,044号181室,2021-04-04 10:41:32
714,普通故障,其他问题,FTTB+LAN,四川省,德阳市,什邡市,玉山镇,024号376室,2021-07-01 21:14:32
715,普通故障,其他问题,FTTB+LAN,四川省,乐山市,五通桥区,麻栗镇,078号057室,2021-09-06 16:39:56
716,普通故障,业务使用部分功能出现异常,FTTO,四川省,资阳市,雁江区,竹园镇,048号489室,2021-10-22 21:13:07
717,普通故障,业务使用部分功能出现异常,铜缆接入方式,四川省,宜宾市,珙县,泰安镇,024号830室,2021-01-17 04:59:36
718,普通故障,其他错误提示,FTTB+LAN,四川省,眉山市,仁寿县,芭蕉镇,087号877室,2021-06-04 09:28:40
719,普通故障,业务不能使用,铜缆接入方式,四川省,凉山彝族自治州,越西县,垂泉乡,073号886室,2021-10-07 21:29:25
720,普通故障,其他错误提示,铜缆接入方式,四川省,阿坝藏族羌族自治州,松潘县,陈河乡,037号680室,2021-06-11 04:53:32
721,普通故障,业务不能使用,铜缆接入方式,四川省,遂宁市,蓬溪县,连山镇,032号017室,2021-08-02 08:13:20
722,普通故障,业务使用部分功能出现异常,FTTH光纤接入方式,四川省,成都市,金堂县,石城乡,050号681室,2021-07-16 15:02:55
723,普通故障,业务不能使用,FTTO,四川省,凉山彝族自治州,德昌县,高村乡,043号068室,2021-09-08 22:06:13
724,普通故障,业务使用部分功能出现异常,FTTH光纤接入方式,四川省,泸州市,泸县,漆树乡,039号683室,2021-12-25 12:25:35
725,普通故障,其他问题,铜缆接入方式,四川省,眉山市,彭山区,荆溪街道,074号997室,2021-04-29 10:13:40
726,普通故障,其他错误提示,FTTO,四川省,阿坝藏族羌族自治州,壤塘县,茜草街道,074号253室,2021-10-02 06:48:27
727,普通故障,其他错误提示,FTTB+LAN,四川省,巴中市,通江县,金坪镇,085号686室,2021-11-06 10:39:10
728,普通故障,其他错误提示,铜缆接入方式,四川省,绵阳市,游仙区,铁炉乡,024号485室,2021-08-22 07:53:23
729,普通故障,其他错误提示,FTTH光纤接入方式,四川省,资阳市,雁江区,土桥镇,080号553室,2021-03-21 09:19:35
730,普通故障,业务不能使用,FTTH光纤接入方式,四川省,宜宾市,珙县,曲河乡,006号809室,2021-09-18 08:20:14
731,普通故障,其他错误提示,FTTO,四川省,乐山市,沙湾区,新宁镇,066号313室,2021-02-07 02:03:26
732,普通故障,其他错误提示,铜缆接入方式,四川省,自贡市,贡井区,黄泥乡,062号663室,2021-12-15 16:45:04
733,普通故障,业务不能使用,FTTH光纤接入方式,四川省,自贡市,富顺县,河坝镇,093号456室,2021-03-13 00:40:26
734,普通故障,其他问题,FTTO,四川省,广安市,前锋区,铁炉乡,062号214室,2021-10-28 15:13:52
735,普通故障,其他错误提示,FTTB+LAN,四川省,成都市,青羊区,板桥口乡,062号266室,2021-04-25 22:16:04
736,普通故障,其他问题,FTTB+LAN,四川省,眉山市,丹棱县,开佛乡,002号679室,2021-12-02 18:01:15
737,普通故障,其他问题,FTTB+LAN,四川省,达州市,万源市,红白镇,018号973室,2021-02-25 13:39:41
738,普通故障,其他问题,FTTH光纤接入方式,四川省,宜宾市,翠屏区,九襄镇,022号319室,2021-09-13 08:04:47
739,普通故障,其他问题,FTTO,四川省,绵阳市,江油市,红果乡,002号375室,2021-10-22 21:17:24
740,普通故障,其他问题,铜缆接入方式,四川省,宜宾市,宜宾县,永青乡,090号869室,2021-03-08 07:57:05
741,普通故障,其他错误提示,FTTO,四川省,自贡市,自流井区,胜观镇,018号891室,2021-09-09 22:38:02
742,普通故障,业务不能使用,FTTO,四川省,南充市,嘉陵区,六所乡,087号603室,2021-05-27 14:45:12
743,普通故障,其他问题,FTTH光纤接入方式,四川省,德阳市,中江县,四甘普乡,070号872室,2021-02-02 03:00:25
744,普通故障,业务不能使用,FTTB+LAN,四川省,资阳市,安岳县,普润乡,058号579室,2021-02-04 15:39:28
745,普通故障,其他错误提示,FTTB+LAN,四川省,达州市,大竹县,双溪乡,015号979室,2021-04-23 11:59:22
746,普通故障,业务使用部分功能出现异常,FTTH光纤接入方式,四川省,广安市,广安区,里克乡,031号734室,2021-12-08 17:57:48
747,普通故障,业务不能使用,FTTO,四川省,泸州市,纳溪区,大罗镇,017号356室,2021-06-05 05:02:35
748,普通故障,其他问题,铜缆接入方式,四川省,甘孜藏族自治州,甘孜县,庙坡乡,033号374室,2021-07-01 18:02:45
749,普通故障,业务不能使用,FTTB+LAN,四川省,巴中市,巴州区,观山镇,071号491室,2021-05-06 19:32:26
750,普通故障,业务使用部分功能出现异常,FTTH光纤接入方式,四川省,甘孜藏族自治州,甘孜县,华头镇,064号204室,2021-01-05 04:56:49
751,普通故障,业务使用部分功能出现异常,FTTB+LAN,四川省,德阳市,旌阳区,中岭乡,089号392室,2021-12-03 16:33:11
752,普通故障,其他错误提示,铜缆接入方式,四川省,泸州市,古蔺县,文宫镇,003号672室,2021-11-10 09:00:55
753,普通故障,业务不能使用,FTTH光纤接入方式,四川省,乐山市,沐川县,松涛镇,092号679室,2021-10-18 15:32:42
754,普通故障,其他问题,FTTB+LAN,四川省,自贡市,荣县,大王镇,046号618室,2021-12-02 23:52:47
755,普通故障,其他错误提示,FTTH光纤接入方式,四川省,眉山市,东坡区,观音镇,087号631室,2021-07-13 04:50:32
756,普通故障,其他错误提示,FTTB+LAN,四川省,宜宾市,江安县,尼呷镇,039号418室,2021-12-20 21:43:39
757,普通故障,业务不能使用,铜缆接入方式,四川省,遂宁市,蓬溪县,同德镇,054号548室,2021-03-22 09:48:56
758,普通故障,其他错误提示,铜缆接入方式,四川省,凉山彝族自治州,喜德县,复兴乡,077号724室,2021-05-03 10:51:40
759,普通故障,其他问题,FTTH光纤接入方式,四川省,资阳市,雁江区,九井乡,007号376室,2021-02-09 15:42:53
760,普通故障,其他问题,FTTO,四川省,德阳市,绵竹市,白朝乡,086号966室,2021-12-06 14:02:08
761,普通故障,业务使用部分功能出现异常,FTTB+LAN,四川省,遂宁市,大英县,苏河乡,080号834室,2021-01-17 20:32:15
762,普通故障,业务不能使用,FTTO,四川省,南充市,阆中市,中和镇,079号195室,2021-11-10 11:22:59
763,普通故障,业务使用部分功能出现异常,铜缆接入方式,四川省,雅安市,芦山县,张王乡,034号810室,2021-06-27 03:59:43
764,普通故障,其他问题,FTTO,四川省,雅安市,雨城区,顺河镇,099号981室,2021-05-20 03:50:31
765,普通故障,其他问题,铜缆接入方式,四川省,巴中市,巴州区,普威镇,041号173室,2021-06-11 02:23:15
766,普通故障,其他错误提示,铜缆接入方式,四川省,广安市,邻水县,保石镇,046号718室,2021-05-23 11:25:40
767,普通故障,其他错误提示,FTTB+LAN,四川省,宜宾市,珙县,大坪镇,010号887室,2021-11-27 04:39:24
768,普通故障,业务使用部分功能出现异常,FTTH光纤接入方式,四川省,攀枝花市,盐边县,芭蕉镇,054号122室,2021-05-31 05:11:50
769,普通故障,业务不能使用,FTTO,四川省,甘孜藏族自治州,巴塘县,飞龙镇,057号877室,2021-08-12 11:42:22
770,普通故障,业务不能使用,FTTO,四川省,甘孜藏族自治州,泸定县,青龙乡,047号279室,2021-12-30 15:15:02
771,普通故障,业务不能使用,铜缆接入方式,四川省,眉山市,青神县,国华镇,063号745室,2021-06-12 10:36:36
772,普通故障,业务不能使用,FTTH光纤接入方式,四川省,乐山市,犍为县,波密乡,009号566室,2021-05-17 01:34:34
773,普通故障,其他问题,FTTO,四川省,内江市,威远县,洪口镇,026号137室,2021-01-07 00:51:41
774,普通故障,业务使用部分功能出现异常,FTTH光纤接入方式,四川省,眉山市,洪雅县,三交乡,033号417室,2021-05-16 01:41:49
775,普通故障,其他错误提示,FTTB+LAN,四川省,巴中市,通江县,四川大堰劳动教养管理所,075号168室,2021-12-18 18:21:42
776,普通故障,业务不能使用,FTTH光纤接入方式,四川省,达州市,宣汉县,高塔乡,077号005室,2021-07-07 09:43:13
777,普通故障,其他问题,FTTH光纤接入方式,四川省,雅安市,荥经县,五矿镇,011号906室,2021-10-12 09:24:31
778,普通故障,业务使用部分功能出现异常,FTTB+LAN,四川省,攀枝花市,盐边县,红峰乡,056号111室,2021-04-19 08:53:44
779,普通故障,业务不能使用,FTTB+LAN,四川省,乐山市,市中区,宗麦乡,064号075室,2021-02-28 03:28:15
780,普通故障,业务不能使用,FTTO,四川省,眉山市,洪雅县,白马镇,041号983室,2021-03-09 08:27:50
781,普通故障,其他问题,FTTO,四川省,雅安市,荥经县,广济镇,067号317室,2021-04-14 21:16:08
782,普通故障,其他错误提示,铜缆接入方式,四川省,凉山彝族自治州,甘洛县,高坡镇,052号742室,2021-09-18 11:03:56
783,普通故障,业务不能使用,FTTH光纤接入方式,四川省,绵阳市,盐亭县,方加镇,042号010室,2021-03-13 18:54:43
784,普通故障,其他问题,FTTB+LAN,四川省,达州市,通川区,陈古镇,039号046室,2021-11-19 04:23:31
785,普通故障,业务使用部分功能出现异常,FTTH光纤接入方式,四川省,达州市,宣汉县,清江镇,037号509室,2021-09-26 14:52:22
786,普通故障,业务使用部分功能出现异常,铜缆接入方式,四川省,达州市,渠县,城西街道,038号327室,2021-06-03 13:10:34
787,普通故障,业务使用部分功能出现异常,FTTH光纤接入方式,四川省,乐山市,马边彝族自治县,中坪乡,052号833室,2021-02-10 13:19:42
788,普通故障,业务使用部分功能出现异常,FTTB+LAN,四川省,自贡市,荣县,曹古乡,061号262室,2021-10-15 00:04:28
789,普通故障,业务使用部分功能出现异常,FTTO,四川省,阿坝藏族羌族自治州,金川县,栖贤乡,025号736室,2021-07-06 03:51:36
790,普通故障,其他问题,铜缆接入方式,四川省,凉山彝族自治州,甘洛县,瓦市镇,066号791室,2021-06-22 02:22:21
791,普通故障,业务不能使用,FTTO,四川省,资阳市,雁江区,禾加镇,099号706室,2021-06-10 01:12:03
792,普通故障,业务不能使用,铜缆接入方式,四川省,乐山市,夹江县,先市镇,034号917室,2021-03-26 19:43:25
793,普通故障,其他问题,FTTO,四川省,资阳市,安岳县,民胜镇,019号828室,2021-10-20 14:50:49
794,普通故障,其他错误提示,FTTH光纤接入方式,四川省,德阳市,中江县,长河源乡,068号232室,2021-04-28 08:04:46
795,普通故障,业务不能使用,FTTO,四川省,眉山市,彭山区,金峰镇,024号757室,2021-02-23 11:20:42
796,普通故障,其他错误提示,铜缆接入方式,四川省,攀枝花市,盐边县,丰产乡,035号484室,2021-04-14 08:44:35
797,普通故障,业务不能使用,FTTB+LAN,四川省,绵阳市,游仙区,凯江镇,034号770室,2021-01-26 20:30:22
798,普通故障,业务不能使用,铜缆接入方式,四川省,资阳市,雁江区,清河镇,040号599室,2021-02-14 08:43:27
799,普通故障,业务使用部分功能出现异常,FTTH光纤接入方式,四川省,达州市,达川区,明星镇,063号805室,2021-01-24 07:55:16
800,普通故障,业务不能使用,FTTB+LAN,四川省,达州市,开江县,毛裕乡,096号092室,2021-11-19 11:13:52
801,普通故障,其他问题,FTTB+LAN,四川省,南充市,高坪区,望垭镇,043号061室,2021-07-21 02:45:58
802,普通故障,其他问题,FTTO,四川省,攀枝花市,盐边县,龙溪乡,052号001室,2021-05-17 17:59:34
803,普通故障,业务使用部分功能出现异常,FTTO,四川省,南充市,南部县,土门乡,002号435室,2021-04-09 03:03:02
804,普通故障,其他问题,FTTO,四川省,自贡市,贡井区,仁里镇,094号997室,2021-03-06 09:26:06
805,普通故障,业务使用部分功能出现异常,铜缆接入方式,四川省,眉山市,仁寿县,宗麦乡,054号578室,2021-09-18 02:25:17
806,普通故障,其他错误提示,FTTO,四川省,德阳市,什邡市,车辋镇,014号603室,2021-11-05 02:03:53
807,普通故障,业务使用部分功能出现异常,铜缆接入方式,四川省,绵阳市,安州区,江陵镇,042号365室,2021-07-05 10:17:38
808,普通故障,其他错误提示,FTTB+LAN,四川省,广元市,昭化区,合作乡,026号949室,2021-03-13 07:24:53
809,普通故障,其他错误提示,铜缆接入方式,四川省,泸州市,叙永县,新丰镇,015号901室,2021-11-01 09:26:27
810,普通故障,其他问题,FTTO,四川省,广安市,广安区,青林乡,047号271室,2021-01-25 18:24:53
811,普通故障,其他问题,FTTO,四川省,泸州市,泸县,临江镇,067号380室,2021-11-09 05:19:07
812,普通故障,业务使用部分功能出现异常,铜缆接入方式,四川省,甘孜藏族自治州,甘孜县,童寺镇,098号512室,2021-06-02 00:07:22
813,普通故障,业务不能使用,FTTO,四川省,广元市,利州区,万隆镇,033号685室,2021-04-22 00:18:58
814,普通故障,其他错误提示,铜缆接入方式,四川省,宜宾市,南溪区,大田坝乡,075号942室,2021-11-27 07:03:39
815,普通故障,其他问题,FTTB+LAN,四川省,德阳市,绵竹市,八庙乡,011号738室,2021-05-25 21:53:18
816,普通故障,其他问题,FTTH光纤接入方式,四川省,自贡市,自流井区,锦城镇,095号869室,2021-02-18 21:38:13
817,普通故障,业务不能使用,FTTO,四川省,成都市,双流区,高坝街道,046号434室,2021-09-14 03:38:38
818,普通故障,其他错误提示,FTTH光纤接入方式,四川省,内江市,威远县,新宁镇,006号353室,2021-01-04 11:08:05
819,普通故障,其他问题,FTTH光纤接入方式,四川省,广安市,前锋区,忠义镇,099号350室,2021-12-09 17:19:29
820,普通故障,其他问题,FTTO,四川省,广元市,利州区,车岭镇,043号415室,2021-12-23 18:42:27
821,普通故障,业务使用部分功能出现异常,铜缆接入方式,四川省,泸州市,叙永县,?鱼彝族乡,022号789室,2021-02-11 04:37:48
822,普通故障,其他错误提示,FTTB+LAN,四川省,眉山市,东坡区,凉高山街道,033号018室,2021-11-08 09:16:53
823,普通故障,其他错误提示,FTTH光纤接入方式,四川省,凉山彝族自治州,宁南县,瓦都乡,052号516室,2021-06-27 10:23:16
824,普通故障,业务不能使用,FTTB+LAN,四川省,达州市,宣汉县,黄钟镇,036号629室,2021-05-02 13:56:24
825,普通故障,业务使用部分功能出现异常,铜缆接入方式,四川省,遂宁市,大英县,金台镇,015号732室,2021-02-04 08:23:19
826,普通故障,业务使用部分功能出现异常,铜缆接入方式,四川省,广安市,岳池县,嘉农镇,073号654室,2021-04-07 07:39:38
827,普通故障,其他问题,FTTO,四川省,雅安市,荥经县,茶洛乡,056号818室,2021-10-29 08:08:57
828,普通故障,业务使用部分功能出现异常,FTTH光纤接入方式,四川省,成都市,大邑县,大榆镇,071号997室,2021-05-09 20:59:56
829,普通故障,业务不能使用,FTTO,四川省,达州市,宣汉县,东林乡,002号160室,2021-06-07 11:58:07
830,普通故障,业务使用部分功能出现异常,铜缆接入方式,四川省,巴中市,巴州区,东溪镇,049号783室,2021-05-03 00:12:59
831,普通故障,其他问题,FTTO,四川省,达州市,万源市,桑园镇,053号977室,2021-09-14 05:01:24
832,普通故障,其他错误提示,FTTO,四川省,南充市,营山县,厂溪乡,098号566室,2021-05-16 16:04:28
833,普通故障,业务不能使用,FTTB+LAN,四川省,乐山市,犍为县,下罗乡,088号889室,2021-03-17 17:32:31
834,普通故障,其他错误提示,FTTH光纤接入方式,四川省,成都市,金堂县,安宁镇,074号003室,2021-07-10 09:50:32
835,普通故障,业务使用部分功能出现异常,FTTH光纤接入方式,四川省,甘孜藏族自治州,德格县,瓦市镇,054号148室,2021-11-08 23:53:05
836,普通故障,其他错误提示,铜缆接入方式,四川省,遂宁市,安居区,保城乡,061号310室,2021-11-11 11:56:47
837,普通故障,其他问题,FTTB+LAN,四川省,巴中市,平昌县,通旅镇,040号444室,2021-04-22 13:28:48
838,普通故障,其他错误提示,FTTB+LAN,四川省,遂宁市,船山区,东兴寺街道,080号258室,2021-11-22 16:06:46
839,普通故障,业务不能使用,铜缆接入方式,四川省,巴中市,巴州区,清河乡,042号557室,2021-07-28 08:35:21
840,普通故障,业务使用部分功能出现异常,铜缆接入方式,四川省,南充市,嘉陵区,花园乡,032号155室,2021-07-23 15:23:03
841,普通故障,其他问题,铜缆接入方式,四川省,成都市,双流区,二龙镇,055号058室,2021-10-13 10:32:37
842,普通故障,其他错误提示,FTTB+LAN,四川省,甘孜藏族自治州,石渠县,丰产乡,054号156室,2021-02-10 00:24:18
843,普通故障,其他错误提示,FTTB+LAN,四川省,眉山市,彭山区,万安乡,070号964室,2021-08-17 22:40:27
844,普通故障,其他错误提示,FTTO,四川省,眉山市,洪雅县,沙溪镇,085号253室,2021-10-05 08:53:17
845,普通故障,业务使用部分功能出现异常,FTTO,四川省,广元市,利州区,大庙乡,078号022室,2021-05-18 20:12:47
846,普通故障,业务使用部分功能出现异常,FTTH光纤接入方式,四川省,资阳市,雁江区,塔山镇,057号930室,2021-05-29 13:18:20
847,普通故障,业务不能使用,铜缆接入方式,四川省,内江市,市中区,高塔乡,064号885室,2021-03-14 15:37:52
848,普通故障,业务使用部分功能出现异常,FTTO,四川省,乐山市,犍为县,望佳镇,050号677室,2021-06-27 22:36:17
849,普通故障,其他问题,铜缆接入方式,四川省,攀枝花市,米易县,杰兴镇,017号785室,2021-03-01 06:55:22
850,普通故障,业务使用部分功能出现异常,FTTO,四川省,遂宁市,安居区,芦溪镇,012号294室,2021-03-29 11:44:33
851,普通故障,业务不能使用,FTTH光纤接入方式,四川省,自贡市,自流井区,协和乡,005号523室,2021-11-20 06:24:39
852,普通故障,其他问题,铜缆接入方式,四川省,甘孜藏族自治州,乡城县,光辉镇,055号724室,2021-09-23 10:02:25
853,普通故障,业务不能使用,FTTO,四川省,遂宁市,船山区,上安镇,057号954室,2021-04-17 07:31:31
854,普通故障,业务不能使用,铜缆接入方式,四川省,泸州市,江阳区,寺岭乡,039号662室,2021-12-28 07:22:14
855,普通故障,其他错误提示,FTTB+LAN,四川省,南充市,蓬安县,塘且乡,099号013室,2021-02-08 05:16:51
856,普通故障,业务不能使用,铜缆接入方式,四川省,攀枝花市,盐边县,共和乡,076号630室,2021-11-05 21:47:25
857,普通故障,业务不能使用,FTTH光纤接入方式,四川省,自贡市,大安区,铁佛塘镇,092号086室,2021-11-18 22:43:45
858,普通故障,其他问题,FTTB+LAN,四川省,攀枝花市,盐边县,窝底乡,049号505室,2021-04-06 13:05:43
859,普通故障,其他问题,FTTH光纤接入方式,四川省,甘孜藏族自治州,九龙县,华兴乡,036号438室,2021-07-07 16:56:53
860,普通故障,业务使用部分功能出现异常,FTTB+LAN,四川省,资阳市,乐至县,护安镇,063号792室,2021-05-23 06:11:56
861,普通故障,其他错误提示,FTTB+LAN,四川省,资阳市,安岳县,小龙街道,079号314室,2021-07-13 00:42:27
862,普通故障,其他问题,FTTH光纤接入方式,四川省,德阳市,广汉市,蓼坪乡,067号240室,2021-12-16 05:12:26
863,普通故障,其他错误提示,铜缆接入方式,四川省,成都市,成华区,双佛镇,061号634室,2021-12-16 01:34:09
864,普通故障,其他问题,FTTO,四川省,德阳市,广汉市,竹峪镇,087号397室,2021-05-11 08:32:30
865,普通故障,其他问题,FTTB+LAN,四川省,成都市,温江区,下八寨乡,031号540室,2021-05-08 21:57:40
866,普通故障,业务不能使用,FTTH光纤接入方式,四川省,宜宾市,翠屏区,铁佛镇,026号450室,2021-09-24 04:36:07
867,普通故障,其他错误提示,FTTH光纤接入方式,四川省,成都市,大邑县,彭庙镇,053号582室,2021-02-14 01:12:38
868,普通故障,业务使用部分功能出现异常,FTTH光纤接入方式,四川省,达州市,达川区,卷硐乡,049号039室,2021-11-25 12:07:58
869,普通故障,其他错误提示,FTTB+LAN,四川省,宜宾市,长宁县,下渡乡,052号141室,2021-09-15 09:05:20
870,普通故障,其他错误提示,FTTH光纤接入方式,四川省,南充市,南部县,华龙街道,068号786室,2021-10-28 13:00:09
871,普通故障,业务不能使用,FTTO,四川省,雅安市,汉源县,群龙乡,007号546室,2021-12-03 18:36:07
872,普通故障,业务使用部分功能出现异常,铜缆接入方式,四川省,乐山市,沐川县,度佳镇,034号131室,2021-05-02 21:05:13
873,普通故障,其他问题,铜缆接入方式,四川省,广安市,邻水县,波波乡,028号630室,2021-12-15 14:23:49
874,普通故障,其他问题,FTTO,四川省,内江市,隆昌县,嘉陵街道,072号224室,2021-11-21 04:56:47
875,普通故障,业务使用部分功能出现异常,铜缆接入方式,四川省,攀枝花市,东区,乐善镇,030号392室,2021-06-25 05:37:50
876,普通故障,其他错误提示,FTTH光纤接入方式,四川省,巴中市,通江县,玉山镇,083号260室,2021-08-04 17:07:38
877,普通故障,业务不能使用,铜缆接入方式,四川省,内江市,隆昌县,麻石镇,032号650室,2021-03-28 03:54:49
878,普通故障,业务使用部分功能出现异常,FTTB+LAN,四川省,遂宁市,安居区,曙光乡,018号936室,2021-10-01 22:40:44
879,普通故障,其他错误提示,FTTO,四川省,眉山市,丹棱县,店垭乡,041号797室,2021-03-24 10:30:05
880,普通故障,其他错误提示,FTTB+LAN,四川省,达州市,达川区,宕梁街道,014号862室,2021-01-31 08:56:28
881,普通故障,业务不能使用,FTTB+LAN,四川省,绵阳市,三台县,元石镇,071号893室,2021-09-16 12:52:51
882,普通故障,其他问题,FTTH光纤接入方式,四川省,德阳市,什邡市,文安乡,034号966室,2021-09-26 00:18:04
883,普通故障,其他问题,FTTO,四川省,眉山市,洪雅县,曲山镇,085号104室,2021-07-11 20:56:01
884,普通故障,其他错误提示,FTTH光纤接入方式,四川省,阿坝藏族羌族自治州,壤塘县,长坪镇,098号878室,2021-08-05 17:38:48
885,普通故障,其他错误提示,铜缆接入方式,四川省,南充市,西充县,石龙乡,034号494室,2021-07-23 03:15:57
886,普通故障,业务不能使用,FTTB+LAN,四川省,广元市,昭化区,牟家镇,078号082室,2021-05-12 13:37:38
887,普通故障,其他问题,FTTB+LAN,四川省,自贡市,自流井区,榕右乡,059号169室,2021-10-08 02:10:13
888,普通故障,业务不能使用,FTTB+LAN,四川省,德阳市,什邡市,格里坪镇,052号046室,2021-11-30 00:36:41
889,普通故障,其他错误提示,FTTH光纤接入方式,四川省,乐山市,马边彝族自治县,周兴镇,084号391室,2021-11-21 15:30:30
890,普通故障,业务使用部分功能出现异常,FTTO,四川省,凉山彝族自治州,越西县,绵远镇,091号695室,2021-12-29 07:30:12
891,普通故障,业务使用部分功能出现异常,FTTO,四川省,巴中市,南江县,放生乡,029号788室,2021-08-04 23:35:27
892,普通故障,业务不能使用,铜缆接入方式,四川省,眉山市,洪雅县,大安街道,040号240室,2021-03-04 20:40:32
893,普通故障,业务不能使用,FTTB+LAN,四川省,眉山市,丹棱县,忠义镇,049号126室,2021-02-22 21:42:28
894,普通故障,其他问题,铜缆接入方式,四川省,宜宾市,兴文县,雷音乡,079号779室,2021-10-16 06:55:26
895,普通故障,其他错误提示,FTTB+LAN,四川省,南充市,西充县,广德街道,028号051室,2021-11-27 07:40:19
896,普通故障,业务不能使用,FTTB+LAN,四川省,遂宁市,船山区,中农镇,003号848室,2021-02-07 13:00:23
897,普通故障,业务使用部分功能出现异常,铜缆接入方式,四川省,攀枝花市,西区,营门口街道,023号813室,2021-11-10 19:24:53
898,普通故障,业务使用部分功能出现异常,FTTH光纤接入方式,四川省,南充市,西充县,长土镇,025号085室,2021-08-20 00:30:37
899,普通故障,其他错误提示,FTTH光纤接入方式,四川省,阿坝藏族羌族自治州,若尔盖县,金沙傈傈族乡,097号435室,2021-08-28 02:43:07
900,普通故障,其他问题,铜缆接入方式,四川省,宜宾市,筠连县,金溪镇,083号216室,2021-07-22 12:50:11
901,普通故障,业务不能使用,FTTH光纤接入方式,四川省,巴中市,通江县,巴久乡,070号426室,2021-10-31 11:40:31
902,普通故障,业务使用部分功能出现异常,FTTH光纤接入方式,四川省,宜宾市,筠连县,三墩土家族乡,096号931室,2021-05-13 00:47:37
903,普通故障,业务不能使用,FTTB+LAN,四川省,攀枝花市,盐边县,巨光乡,007号482室,2021-07-03 06:12:59
904,普通故障,其他错误提示,FTTO,四川省,眉山市,洪雅县,兴旺镇,051号771室,2021-09-04 04:16:41
905,普通故障,业务使用部分功能出现异常,铜缆接入方式,四川省,自贡市,自流井区,泗坪乡,064号553室,2021-02-18 17:31:16
906,普通故障,业务使用部分功能出现异常,FTTO,四川省,成都市,龙泉驿区,板桥乡,046号506室,2021-01-13 08:04:23
907,普通故障,业务不能使用,FTTH光纤接入方式,四川省,广安市,邻水县,敖家镇,011号334室,2021-09-15 13:03:53
908,普通故障,业务不能使用,铜缆接入方式,四川省,绵阳市,平武县,玉屏乡,058号508室,2021-08-07 16:00:26
909,普通故障,其他问题,FTTO,四川省,成都市,大邑县,柳驿乡,034号687室,2021-12-16 17:00:01
910,普通故障,其他问题,FTTB+LAN,四川省,眉山市,仁寿县,民建彝族乡,071号768室,2021-12-08 17:37:53
911,普通故障,其他错误提示,FTTH光纤接入方式,四川省,阿坝藏族羌族自治州,金川县,龙泉镇,046号800室,2021-09-02 15:52:05
912,普通故障,其他问题,FTTO,四川省,广元市,青川县,雄龙西乡,076号036室,2021-12-19 04:30:02
913,普通故障,业务使用部分功能出现异常,FTTB+LAN,四川省,广元市,剑阁县,李渡乡,066号728室,2021-08-07 03:51:36
914,普通故障,业务使用部分功能出现异常,FTTO,四川省,甘孜藏族自治州,白玉县,平桥乡,090号312室,2021-09-19 06:19:14
915,普通故障,其他错误提示,FTTH光纤接入方式,四川省,资阳市,乐至县,北斗镇,100号660室,2021-11-03 01:01:03
916,普通故障,其他问题,铜缆接入方式,四川省,绵阳市,北川羌族自治县,罗文镇,058号914室,2021-11-16 12:58:02
917,普通故障,其他错误提示,FTTB+LAN,四川省,雅安市,汉源县,观太乡,034号701室,2021-07-13 11:28:45
918,普通故障,其他问题,FTTH光纤接入方式,四川省,资阳市,雁江区,马嘶苗族乡,002号993室,2021-05-11 05:11:20
919,普通故障,其他错误提示,铜缆接入方式,四川省,南充市,顺庆区,凌云乡,013号611室,2021-07-14 04:28:42
920,普通故障,其他问题,铜缆接入方式,四川省,攀枝花市,东区,新德镇,024号576室,2021-12-20 13:59:43
921,普通故障,业务不能使用,FTTH光纤接入方式,四川省,达州市,开江县,泊水街道,086号973室,2021-11-04 06:41:15
922,普通故障,其他错误提示,FTTO,四川省,广安市,广安区,石铁乡,006号883室,2021-05-09 18:10:57
923,普通故障,其他问题,FTTB+LAN,四川省,阿坝藏族羌族自治州,理县,中太镇,030号019室,2021-10-21 14:46:23
924,普通故障,其他问题,铜缆接入方式,四川省,雅安市,名山区,秦河乡,049号553室,2021-12-17 03:52:13
925,普通故障,业务使用部分功能出现异常,FTTB+LAN,四川省,达州市,渠县,云凤乡,070号590室,2021-01-10 12:35:54
926,普通故障,其他问题,FTTB+LAN,四川省,绵阳市,北川羌族自治县,红联乡,086号251室,2021-12-17 04:14:18
927,普通故障,其他问题,铜缆接入方式,四川省,南充市,顺庆区,朱元乡,008号285室,2021-01-22 06:56:18
928,普通故障,业务使用部分功能出现异常,铜缆接入方式,四川省,自贡市,贡井区,双石镇,052号020室,2021-01-27 12:43:41
929,普通故障,业务不能使用,铜缆接入方式,四川省,广安市,前锋区,五里箐乡,043号459室,2021-01-09 06:34:35
930,普通故障,其他问题,铜缆接入方式,四川省,南充市,仪陇县,巴西乡,024号146室,2021-02-17 04:22:38
931,普通故障,业务不能使用,FTTH光纤接入方式,四川省,资阳市,雁江区,汉阳镇,003号718室,2021-03-11 02:14:28
932,普通故障,业务不能使用,FTTO,四川省,南充市,顺庆区,薛城镇,011号353室,2021-01-10 21:58:01
933,普通故障,其他问题,FTTH光纤接入方式,四川省,资阳市,安岳县,芭蕉镇,024号114室,2021-05-30 11:47:11
934,普通故障,业务不能使用,铜缆接入方式,四川省,内江市,资中县,阿嘎乡,093号875室,2021-05-02 07:17:19
935,普通故障,业务使用部分功能出现异常,FTTB+LAN,四川省,资阳市,乐至县,慧觉镇,057号702室,2021-06-08 01:16:47
936,普通故障,其他问题,FTTB+LAN,四川省,广元市,朝天区,瑞云乡,009号174室,2021-11-12 15:12:39
937,普通故障,其他问题,FTTH光纤接入方式,四川省,南充市,蓬安县,双溪乡,087号764室,2021-04-05 10:48:57
938,普通故障,业务不能使用,FTTO,四川省,南充市,南部县,孔雀乡,025号001室,2021-10-10 14:32:57
939,普通故障,其他错误提示,FTTO,四川省,资阳市,安岳县,龙门镇,086号909室,2021-12-30 20:33:11
940,普通故障,其他问题,FTTB+LAN,四川省,眉山市,青神县,下八庙镇,081号361室,2021-01-01 03:53:53
941,普通故障,其他错误提示,FTTB+LAN,四川省,内江市,市中区,西华街道,010号738室,2021-06-18 15:12:52
942,普通故障,其他错误提示,FTTO,四川省,凉山彝族自治州,布拖县,青丝乡,013号359室,2021-04-02 18:48:08
943,普通故障,其他问题,FTTH光纤接入方式,四川省,凉山彝族自治州,越西县,蜀北街道,021号536室,2021-10-24 11:11:36
944,普通故障,其他问题,FTTB+LAN,四川省,绵阳市,三台县,关公乡,073号130室,2021-07-09 13:05:51
945,普通故障,业务不能使用,铜缆接入方式,四川省,内江市,隆昌县,下雄乡,028号113室,2021-02-26 11:31:06
946,普通故障,业务使用部分功能出现异常,FTTH光纤接入方式,四川省,广安市,岳池县,谢安乡,040号448室,2021-06-24 16:11:06
947,普通故障,其他问题,FTTB+LAN,四川省,遂宁市,船山区,多悦镇,061号851室,2021-09-07 12:22:07
948,普通故障,其他错误提示,FTTB+LAN,四川省,资阳市,雁江区,况场镇,044号262室,2021-03-11 10:48:56
949,普通故障,其他错误提示,FTTH光纤接入方式,四川省,巴中市,恩阳区,蒿坝镇,051号542室,2021-10-13 09:10:25
950,普通故障,业务不能使用,FTTB+LAN,四川省,攀枝花市,西区,青莲镇,037号970室,2021-05-04 02:31:39
951,普通故障,业务不能使用,铜缆接入方式,四川省,达州市,宣汉县,黄石乡,089号796室,2021-08-01 01:17:48
952,普通故障,业务使用部分功能出现异常,FTTO,四川省,德阳市,旌阳区,开封镇,063号559室,2021-06-04 02:49:26
953,普通故障,业务不能使用,铜缆接入方式,四川省,广安市,华蓥市,崇望乡,046号913室,2021-03-04 01:42:01
954,普通故障,业务使用部分功能出现异常,FTTH光纤接入方式,四川省,达州市,大竹县,石安镇,027号201室,2021-09-10 04:04:30
955,普通故障,其他错误提示,FTTO,四川省,眉山市,东坡区,?木镇,022号237室,2021-11-17 14:43:24
956,普通故障,其他问题,FTTO,四川省,眉山市,丹棱县,中心乡,030号108室,2021-10-24 11:38:33
957,普通故障,其他问题,FTTH光纤接入方式,四川省,资阳市,雁江区,陵江镇,029号005室,2021-09-22 16:13:57
958,普通故障,业务使用部分功能出现异常,FTTH光纤接入方式,四川省,遂宁市,大英县,增产乡,033号934室,2021-02-13 11:29:03
959,普通故障,其他问题,FTTB+LAN,四川省,成都市,新津县,碧龙乡,086号987室,2021-01-31 09:46:46
960,普通故障,业务不能使用,FTTB+LAN,四川省,广元市,朝天区,望溪乡,072号012室,2021-12-08 22:02:30
961,普通故障,业务使用部分功能出现异常,铜缆接入方式,四川省,攀枝花市,盐边县,姚市镇,083号674室,2021-01-25 04:14:44
962,普通故障,其他错误提示,FTTB+LAN,四川省,雅安市,芦山县,新丰镇,095号919室,2021-03-05 07:24:56
963,普通故障,业务使用部分功能出现异常,FTTO,四川省,成都市,新津县,悦来乡,078号026室,2021-06-23 14:47:20
964,普通故障,业务不能使用,FTTO,四川省,阿坝藏族羌族自治州,金川县,大姓乡,100号581室,2021-01-15 22:21:39
965,普通故障,其他问题,FTTB+LAN,四川省,雅安市,荥经县,望垭镇,031号467室,2021-05-08 05:21:54
966,普通故障,业务不能使用,FTTO,四川省,达州市,通川区,舒坪镇,095号259室,2021-10-21 13:25:09
967,普通故障,其他问题,FTTH光纤接入方式,四川省,绵阳市,三台县,水田羌族乡,083号299室,2021-12-15 17:56:00
968,普通故障,业务不能使用,FTTB+LAN,四川省,攀枝花市,仁和区,城西乡,055号268室,2021-06-15 08:16:14
969,普通故障,其他错误提示,铜缆接入方式,四川省,广元市,旺苍县,腊窝乡,099号632室,2021-12-16 08:24:55
970,普通故障,业务不能使用,FTTB+LAN,四川省,广安市,邻水县,太阳河乡,096号565室,2021-12-25 21:54:13
971,普通故障,业务不能使用,FTTO,四川省,内江市,资中县,金江镇,082号353室,2021-08-03 11:30:53
972,普通故障,其他错误提示,铜缆接入方式,四川省,成都市,新津县,马渡乡,097号459室,2021-09-18 19:31:11
973,普通故障,业务不能使用,FTTH光纤接入方式,四川省,眉山市,东坡区,乐德镇,043号316室,2021-01-30 08:22:56
974,普通故障,其他错误提示,FTTB+LAN,四川省,南充市,顺庆区,金龙乡,021号285室,2021-02-19 15:45:51
975,普通故障,其他错误提示,FTTO,四川省,达州市,达川区,庆宁乡,040号543室,2021-08-15 19:43:37
976,普通故障,其他问题,FTTH光纤接入方式,四川省,德阳市,罗江县,东乡镇,017号376室,2021-01-30 06:01:29
977,普通故障,业务使用部分功能出现异常,FTTO,四川省,甘孜藏族自治州,炉霍县,泰安镇,026号909室,2021-02-02 20:17:21
978,普通故障,其他错误提示,FTTH光纤接入方式,四川省,雅安市,宝兴县,共和乡,020号469室,2021-06-09 03:35:28
979,普通故障,其他问题,铜缆接入方式,四川省,雅安市,雨城区,凤鸣镇,012号740室,2021-07-21 03:03:14
980,普通故障,其他错误提示,FTTH光纤接入方式,四川省,雅安市,名山区,金花乡,066号156室,2021-07-29 14:24:42
981,普通故障,其他错误提示,FTTB+LAN,四川省,雅安市,荥经县,鱼龙乡,095号452室,2021-12-21 01:29:01
982,普通故障,其他问题,FTTO,四川省,宜宾市,南溪区,晒经乡,032号619室,2021-01-29 21:33:38
983,普通故障,其他问题,FTTO,四川省,遂宁市,船山区,茶坝乡,017号346室,2021-06-17 21:15:31
984,普通故障,其他问题,FTTH光纤接入方式,四川省,成都市,金牛区,八衣绒乡,002号729室,2021-12-04 12:06:56
985,普通故障,业务不能使用,铜缆接入方式,四川省,宜宾市,宜宾县,?南乡,091号343室,2021-07-26 13:37:32
986,普通故障,业务不能使用,FTTO,四川省,攀枝花市,米易县,千佛乡,021号910室,2021-07-30 20:46:19
987,普通故障,业务不能使用,铜缆接入方式,四川省,绵阳市,梓潼县,龙坪街道,016号373室,2021-12-29 06:25:55
988,普通故障,其他问题,FTTO,四川省,巴中市,恩阳区,凉水镇,004号640室,2021-03-04 20:38:01
989,普通故障,其他问题,FTTB+LAN,四川省,泸州市,龙马潭区,国胜乡,095号090室,2021-01-06 13:23:28
990,普通故障,业务不能使用,FTTO,四川省,广安市,武胜县,新民镇,046号397室,2021-04-03 12:34:37
991,普通故障,其他问题,FTTH光纤接入方式,四川省,宜宾市,筠连县,龙安镇,064号388室,2021-03-04 06:23:10
992,普通故障,其他问题,FTTO,四川省,自贡市,荣县,中峰乡,001号098室,2021-10-05 12:44:03
993,普通故障,业务使用部分功能出现异常,FTTO,四川省,巴中市,恩阳区,中和镇,027号109室,2021-04-04 06:18:57
994,普通故障,其他错误提示,FTTB+LAN,四川省,南充市,南部县,朝天镇,017号591室,2021-10-04 08:54:41
995,普通故障,业务使用部分功能出现异常,FTTO,四川省,乐山市,五通桥区,庆云乡,099号921室,2021-08-11 18:50:40
996,普通故障,业务使用部分功能出现异常,FTTH光纤接入方式,四川省,凉山彝族自治州,雷波县,横山镇,020号840室,2021-03-08 21:43:50
997,普通故障,其他问题,铜缆接入方式,四川省,乐山市,马边彝族自治县,朝阳乡,019号582室,2021-08-23 19:34:38
998,普通故障,业务不能使用,FTTO,四川省,资阳市,乐至县,万家乡,030号019室,2021-04-20 06:17:40
999,普通故障,其他错误提示,铜缆接入方式,四川省,达州市,大竹县,松峰乡,020号559室,2021-04-24 22:36:12
1000,普通故障,业务使用部分功能出现异常,FTTB+LAN,四川省,眉山市,丹棱县,泗坪乡,078号903室,2021-07-01 18:41:38
